"","country_group","platform","nps1","nps2","segment_size","revenue_2019_before1_mean","revenue_month_before1_mean","revenue_week_before1_mean","revenue_during1_mean","revenue_week_after1_mean","revenue_month_before2_mean","revenue_week_before2_mean","revenue_during2_mean","revenue_week_after2_mean","lootboxspend_2019_before1_mean","lootboxspend_month_before1_mean","lootboxspend_week_before1_mean","lootboxspend_during1_mean","lootboxspend_week_after1_mean","lootboxspend_month_before2_mean","lootboxspend_week_before2_mean","lootboxspend_during2_mean","lootboxspend_week_after2_mean","playtime_2019_before1_mean","playtime_month_before1_mean","playtime_week_before1_mean","playtime_during1_mean","playtime_week_after1_mean","playtime_month_before2_mean","playtime_week_before2_mean","playtime_during2_mean","playtime_week_after2_mean","revenue_2019_before1_sd","revenue_month_before1_sd","revenue_week_before1_sd","revenue_during1_sd","revenue_week_after1_sd","revenue_month_before2_sd","revenue_week_before2_sd","revenue_during2_sd","revenue_week_after2_sd","lootboxspend_2019_before1_sd","lootboxspend_month_before1_sd","lootboxspend_week_before1_sd","lootboxspend_during1_sd","lootboxspend_week_after1_sd","lootboxspend_month_before2_sd","lootboxspend_week_before2_sd","lootboxspend_during2_sd","lootboxspend_week_after2_sd","playtime_2019_before1_sd","playtime_month_before1_sd","playtime_week_before1_sd","playtime_during1_sd","playtime_week_after1_sd","playtime_month_before2_sd","playtime_week_before2_sd","playtime_during2_sd","playtime_week_after2_sd"
"1","ROW","android","NaN","NaN",7060,3.94988380366819,2.18977025436361,0.377997386397292,0.0578661920475296,0.291476659076936,2.04613343649924,0.29465606306672,0.0635564306455393,0.516203105302165,2433.35509915014,1224.86359773371,232.106232294618,125.371104815864,322.366855524079,1256.20538243626,219.063031161473,35.8179886685552,229.74433427762,21803.9362606233,9847.56869688386,1962.95424929178,1595.41473087819,2581.62337110481,9057.93243626038,1356.10934844202,208.038810198291,1398.04844192639,44.715107159202,34.8190728735128,8.30228337989905,1.47607305560469,5.49481661811508,25.709812513718,5.43556674218701,1.43137929756353,10.1221137666027,9566.76158533292,6091.60160100735,1442.65680109537,487.621111861341,1353.58905733773,4417.41739324565,1142.47603222028,515.180207443866,1430.82843797421,89735.7062880086,41136.84245034,9009.79113626187,3854.49275146681,9680.14340871576,27248.2888988116,6302.07138679179,1551.48632570999,8645.96095880546
"2","ROW","android","NaN","detractor",3434,2.95486241578981,1.55205487995264,0.2329393944723,0.0459351899067512,0.266409563514184,38.1959429578605,16.8796271525116,7.4601344895367,23.4941968222953,2589.26062900408,1329.84886429819,247.818870122306,132.763541059988,343.69539895166,10326.0279557368,4734.83983692487,1271.36575422248,5069.65200931858,26020.8538147932,11757.6191030868,2457.61619103086,1697.14239953407,2926.1878276063,86063.4082702387,38508.2920792079,10843.7775189284,42395.1921956901,35.2668646261868,28.3963654288908,3.49608172254015,1.06595628089268,4.27787190462184,147.10356750073,78.9134291927947,28.3050368022649,90.5839540080808,9006.78468388688,5561.61456654659,978.30107160262,433.139277990201,1219.15305435171,20451.9458276254,10972.549144355,2864.17806030727,11644.3508361991,104174.419662163,47238.0081484972,10484.5225754605,3987.43387331715,10648.3523086154,84399.8365414404,38762.1140124961,11984.0044907429,43452.293057353
"3","ROW","android","NaN","passive",2350,5.3653450628274,1.89636884199774,0.164295597040921,0.0407308054852026,0.431993201074182,35.3204627984243,15.9028733131589,7.02965003280913,19.5977650881901,2666.06808510638,1261.09787234043,218.685106382979,133.153191489362,327.931914893617,9959.72553191489,4633.32340425532,1287.48510638298,4491.79574468085,23130.5059574468,10694.2944680851,2138.0059574468,1585.37021276596,2526.67319148936,87902.190212766,40195.46,11684.0021276596,43315.4114893617,94.9643786275144,31.1108521432111,4.32961298755557,0.874269505101456,11.3248575022646,168.113620129994,90.5575238242564,26.6108813243865,93.3225186997895,13889.6966978737,5190.52418575406,856.919606495301,504.546183999489,1827.34882400953,21345.035582991,11794.3714486602,3202.27424818206,11157.5693680399,96293.3617559889,44223.7848852213,9879.10289048486,3815.93552110073,10097.9256907686,81310.1679425015,38826.2872648543,12670.2230568167,42814.9614291858
"4","ROW","android","NaN","promoter",3090,4.34483748043914,1.86732316302355,0.154583159235819,0.0544426296116421,0.407939409064504,29.9973092649966,14.2634966446611,6.30797979189404,16.685867390941,2676.54498381877,1282.47702265372,237.46925566343,153.275080906149,344.637540453074,8796.89482200647,4063.28802588997,1289.60355987055,4077.04368932039,24554.4822006473,11177.6860841424,2252.08187702266,1670.31715210356,2678.24789644013,80347.467961165,35993.0673139159,10376.2818770227,39898.1006472492,70.1481904537965,46.0976521442715,4.27192211498516,1.77112113615108,6.166525373741,112.090880111813,61.8059064205312,29.4243255645356,81.2939133852697,11485.9368742391,6645.69685709248,966.273811700096,651.138767933225,1391.58636359045,15498.4377352686,8232.42756879841,3322.94116015066,10196.8916010121,94805.678375161,43861.3269527957,9556.48052184935,3872.53693635934,9975.43164388147,84502.8413692962,39535.1429749514,12151.8654846637,44387.8550026366
"5","ROW","android","NaN","severe detractor",1627,2.41441098115117,0.909262622560471,0.183797787118445,0.0412412209398047,0.132889246710798,43.2840843798198,17.1775648549877,7.66443516388588,24.755903855819,2252.55685310387,1133.24523663184,257.676705593116,120.854333128457,301.290719114935,11328.8537185003,4866.28149969269,1292.9471419791,5133.19913952059,21279.9157959435,10041.007990166,2350.74861708665,1646.47572218808,2615.61524277813,106769.792870314,48334.4701905347,13767.7160417947,51199.2077443147,26.4594890247257,12.5455678722894,4.03697473941244,0.868486542793676,3.02733277544258,124.540647368189,64.6466056832124,28.5827615290837,85.7355029769032,7186.82371815939,3598.38757667916,1182.43770602377,398.876121364672,1085.85320223684,17713.2736899131,8872.4733649629,3499.52853031285,11105.744757539,75485.902104196,36695.4491794316,9333.07117056856,3725.81061932691,9363.38116373729,105065.312794745,49819.0686718,15499.8769009279,53719.3426693901
"6","ROW","android","detractor","NaN",6318,100.16057990826,51.3632914043963,11.7794744658867,2.57551253111459,9.46442018480306,25.6648879106595,0.515492904322875,0.12462792481636,0.879378190860046,33721.0845204179,16861.7904400127,3501.29787907566,1110.55238999683,3563.83823994935,9248.19721430833,256.716524216524,44.8971193415638,301.832067109845,377398.306267807,180342.351851852,40499.5481164925,13590.9015511238,35644.0414688193,93506.2238050013,1571.14941437159,237.182177904391,1490.01076289955,424.023327057012,239.426573279401,66.9933037787423,18.1089455899324,47.8866272052211,109.345405288045,7.71383970528655,2.7888761653438,19.7393850858753,58861.6528800207,32328.1861792281,8592.11711494443,2582.64625957545,6995.10586528862,15147.053343757,1415.37139464751,505.761225430087,2604.6505946877,351330.072139963,171224.629411231,42027.2337079627,14292.804583183,37806.7188119995,95986.1487779694,7826.4415050791,1754.70739092122,7842.75455672808
"7","ROW","android","detractor","detractor",3047,87.684958082515,46.9483805430398,9.8770166443714,2.181162796226,9.74857043341596,57.0831132619089,16.5306293958517,7.91486431663463,22.4643400856856,32134.1089596324,16305.3528060387,3305.81227436823,1069.47489333771,3507.879881851,17546.2340006564,4545.98293403348,1295.82704299311,4848.7397440105,373635.055464391,179856.502789629,40093.1076468658,13586.9245159173,35608.0843452576,171987.917952084,39992.1155234657,11426.1388250738,43027.5365933705,369.22290170067,196.075926599334,47.6923383484488,17.0625285394195,47.8449564303157,154.29177123101,80.7136769999539,30.8033121485726,88.4541237335189,54904.5024896757,28774.8000275642,6692.60638011089,2073.36094160324,6756.50448755567,21358.6112238386,9986.91605938751,3293.77380599317,10881.207101139,349394.064369266,170571.212807008,42349.1593533398,14195.9406716983,37289.3445928977,127986.291341537,41178.3435946939,13099.275399435,44505.0656907921
"8","ROW","android","detractor","passive",2040,95.5144691358397,47.8433019397843,10.3888084638804,2.21668360860008,9.90121450296006,58.2742587219064,15.0528698898562,6.49787338929854,20.326532568253,33069.262745098,16387.012745098,3359.75980392157,1117.69607843137,3639.07352941176,17820.4362745098,4456.18382352941,1203.56617647059,4653.88970588235,376466.081862745,182114.446568627,40428.2887254902,13968.5696078431,36058.1617647059,168943.424019608,38634.912745098,11376.5514705882,42527.8681372549,338.677051159564,177.74132312534,53.0116135013684,13.8374774684159,42.8386158786054,147.483387046894,58.7918225064515,21.4815135471564,72.914832852083,49722.0658409374,25886.5301488148,6900.80053719112,1972.17119712869,6305.44500091967,20622.3323616935,8397.03262313481,2302.17750741722,9263.37793147913,359047.45187158,176858.992973088,42418.2113685176,14488.5625250483,38148.8461706426,120329.923516848,36959.8965578594,12324.3781986207,42491.0854931622
"9","ROW","android","detractor","promoter",2723,89.8043329253036,47.3356180270087,10.4607001962348,2.60121080151465,9.90142432810475,48.8591453844159,11.9801415129313,5.69476746132521,15.6310988774096,32711.4436283511,16625.9092912229,3407.52111641572,1147.02533969886,3572.81307381564,16163.9019463827,3816.59933896438,1296.54241645244,3873.82298934998,382782.901579141,185041.402497246,41015.971722365,13766.5769372016,35883.704002938,163725.903415351,35804.9199412412,10413.6055820786,39513.8185824458,417.274743132054,217.923124057348,57.2029212104908,19.5061260443019,52.5806604804846,144.275497088023,56.4467763892999,21.4617854028434,72.6829014436691,56429.480676527,28754.28258246,7197.73912803898,2560.7449424472,7054.76707246074,19302.5792611771,7078.62165517136,3017.57362724267,8471.55091630277,357119.022460934,173793.013420638,42414.9625854944,14366.4405850833,37881.6262967405,123256.293387248,38799.9431138307,11927.8564450058,43352.6486817233
"10","ROW","android","detractor","severe detractor",1386,88.2681593534856,43.2839876571848,10.4304733628126,2.3379819158702,8.12436178094402,66.9070734675417,19.5026406073855,7.85491217076915,25.4932786897447,32677.3795093795,16052.3145743146,3365.04329004329,1113.2683982684,3450.82251082251,19639.5670995671,5276.9733044733,1192.76695526696,5367.04545454545,385363.913419913,183883.841269841,40983.2467532468,13952.0815295815,35880.0779220779,188081.932178932,46488.1154401154,13368.2532467532,49616.2626262626,283.983324538177,138.423047522202,47.4733905296764,15.1102959388057,33.2007450350331,161.857160528286,81.565287394644,28.0751578472502,83.038500785082,42464.8146434784,21064.9718802769,6301.46356545181,2037.41144861387,5520.58767488172,23024.6127660262,11307.2932863824,2787.35860417173,10806.8726503538,357969.435813649,172690.512256861,42841.6403214973,14721.7257787441,38461.5436608458,133832.875996936,44887.0758855957,14137.7938625927,49240.415330698
"11","ROW","android","passive","NaN",4216,82.3363289713234,41.7929001535077,9.5795439250859,2.48307738190814,9.21239005902556,21.5361413310639,0.24964102259731,0.0876668837143026,0.450095572658894,30307.1722011385,15337.1508538899,3307.80360531309,1188.70967741935,3519.0844402277,8705.16484819734,191.745730550285,34.6857210626186,206.051944971537,356364.657495256,175887.07898482,40694.4869544592,14109.2419354839,35960.3130929791,93785.7817836812,1550.41366223917,215.353415559784,1412.08799810251,335.696283580187,174.592295433415,46.6748550070001,15.9944448397614,42.6096715937552,83.318466472787,4.15133338823342,1.97657405046677,9.51479918269169,47400.4739691279,24751.703230935,6248.02291407831,2328.71494713644,6065.32855289411,12155.981743552,845.613761589523,292.048846472743,1276.95294662974,333973.565744532,166977.711273989,41567.9930145675,14512.3515925968,36116.3816245021,92228.4695874619,7538.47563322501,1483.43110531828,8415.75739398703
"12","ROW","android","passive","detractor",2012,80.5166820838284,41.8194311897904,9.52343767419708,2.17127589227226,9.00676039021413,58.6537037830113,14.8914723572817,7.9574811409004,23.1982343501072,30303.8717693837,15154.324055666,3266.15308151093,1104.56262425447,3426.00894632207,17857.5969184891,4486.96570576541,1295.83747514911,4889.62972166998,355928.721172962,174189.182902584,39987.1938369781,13876.2022862823,35050.092445328,169782.958747515,39753.5536779324,11421.6625248509,42772.9542743539,326.589850996858,178.72696367086,62.2233721046417,17.5664150518063,49.5774394582281,203.003162927996,68.6256663216163,33.2650863838464,95.6016873699932,48032.6516762781,25070.5442322222,8096.15008251166,2492.38880330638,6746.32235861911,27909.5335941522,9788.74742657709,3868.66874952004,11655.1949871521,337515.009857912,167425.999298874,41265.392126186,14278.2736627367,36578.5074465703,120899.054806799,40498.5574076049,12831.246196596,44569.979066865
"13","ROW","android","passive","passive",1354,76.2910398443907,38.0146166680154,9.40875506621052,2.15440029463687,7.37473735276395,58.2059757687252,18.2120154696931,7.88180337272335,20.5867996437092,29354.0819793205,14678.9047267356,3130.29542097489,1124.58641063516,3217.93943870015,17465.258493353,4910.00738552437,1449.13589364845,4833.01329394387,356082.631462334,175415.35745938,39113.8064992615,13985.9859675037,35154.3692762186,170208.748153619,39667.3508124077,11451.2208271787,43038.9320531758,406.532497560573,173.616398295977,52.1013614537353,14.4359104003836,34.1264953721073,189.404847194962,101.194721622465,35.0094800558989,85.5575945862617,52045.4596672447,22711.8832843033,6386.21035448031,2187.77028415982,4857.843236443,24949.2422210659,12728.4622589747,4218.58063468269,11636.1216643627,317153.747459824,157412.129601549,37900.8499319202,13541.7637541003,34332.6907517278,118294.781385617,37131.8841788678,12610.4321409382,41322.8814706693
"14","ROW","android","passive","promoter",1771,70.1872821933162,39.1824213274783,9.23428126177899,2.91003723863145,7.56777379018509,49.9856495951464,14.7749778331588,7.46953604022301,17.7102466638601,28354.4652738566,14840.3263692829,3288.21005081875,1241.53020892151,3196.1829474873,16289.2800677583,4245.01693958216,1375.83568605308,4195.84980237154,350126.254093732,171968.880858272,39300.7334839074,14062.1281761716,34117.3404856013,162184.206662902,36581.1061547149,10692.2625635234,40872.3766233766,260.489670111314,172.377080963925,57.0803830419977,39.9659954084189,42.1206747319554,214.310918238716,98.6850665428155,33.4861693747456,83.1023254334219,38816.7921733878,24638.4462640373,8290.02630030861,5271.07693587539,6174.40482260466,27749.4484167412,12413.1992477638,3726.05446063354,11064.6355628647,325234.223692419,158926.256605742,39260.411258169,14042.1029956363,33658.5217586121,120253.119986015,39003.1128028071,12282.7968248763,44562.6182518715
"15","ROW","android","passive","severe detractor",917,65.2971958206829,31.2531847432171,7.17530345372248,2.96139962227531,6.37935073980524,67.0414461937775,20.9870889163216,9.11662198785627,32.72850840959,27742.8386041439,13818.9018538713,3002.75899672846,1182.36641221374,3209.25845147219,19607.6772082879,5587.29552889858,1309.74918211559,6215.91057797165,345140.219193021,170969.615049073,40327.6892039259,13652.0119956379,34360.2017448201,189802.800436205,48900.1134133043,13849.2835332606,51794.2780806979,250.427630774263,114.866056568392,30.5185050943628,30.0045255369292,38.3851282980498,166.95506359936,73.6675695212346,30.9316141934474,97.1164051096749,38243.7287424587,17534.8132467199,4656.96903694538,3614.80310529491,6074.56675326715,23030.6277586828,10005.8069653175,2934.42166443532,12565.7557422581,314818.121247433,159442.634704334,41636.5338381981,14043.4532936678,34405.3272361205,132236.211549687,47846.1088821193,15374.8691628005,52768.0571847862
"16","ROW","android","promoter","NaN",5987,62.5434654953028,33.5829874611209,8.62004715274136,2.38794146597137,6.95185242891041,15.5534001505369,0.260530630603573,0.0823951849461798,0.361306442883456,25314.5254718557,13341.0896943377,3130.50108568565,1210.96208451645,2998.95440120261,7340.55453482546,211.747118757308,35.3866711207616,230.963754802071,317532.322198095,160939.371805579,37938.1294471355,13829.3105060965,33315.7932186404,86953.1960915318,1308.11708702186,175.226323701369,1285.09236679474,480.07765812031,253.377600979078,85.5953794893064,19.8740285366076,57.6539881609945,89.1810682955078,5.45979612435074,2.50924696477834,6.5280143008017,65784.4266828335,35295.9613551717,12097.5326081369,2711.23519841072,8782.56658876887,12894.9945077274,1112.11486725598,463.43166424688,1290.50974455497,346931.830791138,174340.219434413,43551.6145276463,15155.4442760494,38073.8513014926,97262.9325106192,6092.50019526352,1260.56674592736,6901.99597696665
"17","ROW","android","promoter","detractor",2832,51.2541599571426,25.9363826188803,6.14520006726646,1.73248326080598,5.79602470511137,46.7194894307882,14.8930163183972,7.59208930070973,20.7794696443894,23701.948799435,12176.0978107345,2780.91807909605,1099.56920903955,2835.48728813559,15326.9809322034,4354.48622881356,1282.7206920904,4652.17690677966,309668.955861582,156489.424435028,37489.6765536723,13687.9449152542,32306.9802259887,162477.557909605,39332.9604519774,11331.2139830509,43411.7959039548,236.671192659133,125.153610489513,38.1754600581575,14.7184398268531,35.546679690361,136.011465653258,64.2664261000136,28.9465487942109,72.7232880835146,35374.2452790398,18579.4630970376,5330.92403309449,2020.72094342655,5128.10831131136,18868.9240859894,8276.47047056782,3084.94608366606,9817.74783789015,335985.231570026,169279.537110918,44115.2053020418,15128.2176596667,36690.1521815586,126253.826998334,40788.0595111328,12780.1865911635,45388.2572583115
"18","ROW","android","promoter","passive",1958,63.9340890745474,34.5615983678562,8.57446012555467,2.20508772042614,7.59483361316242,49.0378512159782,14.6074189702523,6.41887581390008,18.4059091002635,25255.2201225741,13280.6338100102,3030.18386108274,1217.97752808989,3039.37691521961,15716.4351378958,4339.59908069459,1220.75587334014,4438.96322778345,303574.654239019,153644.211440245,36854.8003064351,13214.4371807967,31318.2987742594,157600.961184883,38978.6470888662,11278.2277834525,43040.0423901941,294.842014620383,172.207019589936,52.8750392546739,16.1650063933298,49.6650022071913,148.810450383713,61.6553078003346,21.7724623615522,67.5762356973437,42322.4813675045,23789.248382649,6499.59206038034,2683.01240019632,6013.67208422226,20180.1884843731,8576.89692807414,2500.50857180772,8938.5091218895,328028.890058347,163371.868695463,42277.6286823664,14247.0246049808,34567.6087278109,118301.646237231,37835.53643073,12224.3371800383,42423.8975331795
"19","ROW","android","promoter","promoter",2619,49.4982072763784,24.700836863837,5.60410665574048,1.58003244698765,4.89749894950881,43.346180304168,13.8986112984854,5.92983833458853,16.3566551799911,23502.3906071019,12128.5761741123,2705.18136693394,1111.47002672776,2679.66017563956,14502.4742268041,4089.35853379152,1281.02901870943,3943.96907216495,310465.068346697,156115.428407789,36808.7850324551,13450.4723176785,31573.9931271478,154086.947308133,35831.1718213058,10525.9663993891,39817.9137075219,222.035101293206,113.433205462056,39.5151136168356,11.0247871097884,24.862355762736,146.734710847954,69.1834692626598,23.0681669044404,63.0560593559484,33948.8506606754,18050.009834634,5016.01602892811,1585.51479283156,4263.80579727029,19622.6961537366,9195.69076870523,2493.89718074468,7672.20634107232,341472.455150969,170313.755852112,42486.2831710044,14710.4342391284,35947.8469568861,123044.998896822,38192.259787986,12388.3640947101,44051.7962908889
"20","ROW","android","promoter","severe detractor",1331,52.5362836433512,29.9578495643107,10.0306311141088,1.29086479921757,6.80287666015658,63.1505199478667,21.0263812920063,8.34118793018816,28.0821403238375,23793.5770097671,12647.2809917355,3243.81667918858,1031.2471825695,2981.74305033809,18557.9601803156,5569.92862509391,1406.48384673178,5635.28174305034,324511.034560481,164491.864012021,39675.7558226897,14205.1712997746,33821.3553719008,190151.842223892,50055.3410969196,14052.543200601,53133.6018031555,301.298837397266,201.958027647101,112.800357333916,8.20275385090321,58.2741299953861,235.849345231058,119.618600703302,35.2825844944287,123.542466165168,38239.9876136535,24271.0840631849,13106.1771698872,1522.7560909545,7307.69646579433,30242.1646129847,15472.3785217064,3842.4493866575,15951.7607784169,339758.795100194,172916.422860495,44392.5583502058,15318.5296764189,37844.3342806032,138265.483419651,48044.619997708,14991.2680391371,52972.5185402058
"21","ROW","android","severe detractor","NaN",3497,138.530170255626,69.1890195592315,14.7397128205078,3.51410108205916,12.5847435048227,34.9000088515329,0.476340975115636,0.123715292850809,0.673243076126851,41026.97169002,20362.5907921075,4077.46925936517,1361.10380325994,4147.84958535888,11050.9765513297,235.251644266514,36.6171003717472,252.227623677438,447201.407492136,210916.951386903,45837.2873891908,15603.4975693451,40950.1272519302,105793.402344867,1376.45953674584,207.933085501866,1580.84358021168,474.219615437196,258.944988331992,82.9935818862103,27.6091854784813,61.5038808453031,161.005186519287,13.7861237141885,5.09685459255672,14.1275395039213,68286.8646647888,37672.0901994696,10889.0882876641,3293.76769767668,8697.76405466349,22281.5737858603,1694.9896913946,662.65508747703,2016.65404079492,426896.682782719,205491.470720181,49366.5299169454,16687.1489663045,44464.0965339024,112560.542732863,7113.16129863011,1797.05058387724,9957.04128486924
"22","ROW","android","severe detractor","detractor",1683,129.449439919314,64.0120094309367,14.2964662603095,3.53164851341414,12.7159898577262,70.5256207540409,17.350100616084,7.30384312196307,21.0317939903276,39934.0623885918,19674.9774212715,3958.30065359477,1276.23291740939,4167.02911467617,19901.1229946524,4767.62923351159,1296.50029708853,4689.32857991682,450776.534759358,213140.757575757,47435.5698158051,15766.7712418301,41443.2549019608,189069.389185977,40329.0077243018,11444.5763517528,43801.5680332739,424.594052577391,233.117213247811,68.6808532945263,25.8686311809105,56.5980786349335,186.232396457742,68.8799047332776,25.3593160884563,80.6411460430297,61576.5110970677,33425.5002305751,9128.30292835882,3173.52434803517,8215.37603618469,25254.0575550736,9471.71923381068,3109.45312613148,9830.92390512492,438953.817702387,214506.992546819,52558.5089699602,17020.7829188492,45737.8529635533,145668.622911368,41458.1761715515,12956.1204139243,46087.5994597519
"23","ROW","android","severe detractor","passive",1082,139.81114438634,73.0368017290321,13.0969115425592,2.47151516795266,13.4048702911206,68.6996484051373,15.5880664264754,7.13811481614476,18.9786743473796,40411.2541589649,20400.6164510166,3872.67097966728,1172.10720887246,4091.81146025878,19128.0961182994,4413.15157116451,1263.47504621072,4423.3179297597,421694.550831793,199621.519408503,43217.2726432533,14782.5526802218,39011.9676524954,175093.541589649,37356.4334565619,10966.9907578558,41097.6284658041,590.164686342699,341.821206755004,77.7765767093886,15.1531123240931,63.7008676040932,201.94418022783,78.7532607285956,25.0254154441256,69.7714561162075,77258.8804262343,43509.7427156503,9878.64376179727,2376.11036326826,8583.1767583493,25424.675876236,9378.77086928946,3633.32818680997,8429.17387907357,408425.999200998,198658.568774703,49000.1699123578,16265.1712329529,43392.024608645,132376.067734999,37390.5799767643,12275.195910983,41469.5022267782
"24","ROW","android","severe detractor","promoter",1453,115.152209548519,59.8036660262686,12.3734366847197,1.68917082569531,9.43320571243243,52.7222468495422,15.4256657092309,6.61032658305014,16.6800020257528,37749.8169304886,18951.434273916,3853.22780454233,1052.37439779766,3696.00825877495,17161.3592567103,4173.13145216793,1302.04404679972,4004.34618031659,439997.020646937,208505.55264969,46380.7302133517,15449.2512044047,40457.9421885754,172976.649690296,34957.4755677908,10327.8245010323,38703.1679284239,392.197544717621,250.43049314359,94.5610173863006,9.06156190218899,43.839425761563,142.134016664564,72.0060786400883,25.6800140206702,71.9190211037717,57731.7963145864,35294.7858268421,12637.240833996,1779.77702899911,6095.00075412377,20434.311324286,9392.66033393557,2653.49976539391,9312.98157291529,432474.05448744,209378.157323019,50605.5497218603,16597.1210524877,43924.1024335196,135786.061722911,37021.8492363689,11713.0014512684,42883.7496935488
"25","ROW","android","severe detractor","severe detractor",774,93.2740997416183,44.941705322568,7.65220239822956,2.07046215343956,8.12260883348394,66.811337685235,22.9583645385681,6.43156590718015,30.6241149580952,35193.5426356589,17001.850129199,3107.39018087855,1131.62790697674,3520.54263565891,19737.7196382429,5744.16020671835,1187.10594315245,5663.95348837209,465851.488372093,217454.519379845,47873.5607235142,15309.3449612403,42364.9870801034,202169.665374677,46245.5452196382,13424.4418604651,50017.196382429,255.102170353629,132.464996915913,38.1113665448731,11.5309145231545,35.3179791929919,158.941112686539,92.7533439512454,20.6210004965529,117.78877378465,41983.0358492005,21577.2405548528,5267.58062104217,1821.90216224508,5551.64346051409,23341.9039985399,12688.5472804472,2242.98766903823,14341.8189377377,443196.204408893,214274.296309341,52238.1807713817,16552.4690212589,46384.1900487214,155864.964889867,46041.4990389269,14384.1371075826,52872.5522067114
"26","ROW","ios","NaN","NaN",2007,7.77988239373939,3.51216530343853,0.458796851584295,0.182981159849133,0.40932662902561,2.81370512125509,0.442698779793055,0.103378291486098,0.215025694907266,4225.88340807175,1995.08619830593,337.797708021923,164.544095665172,446.357747882412,1659.03338315894,238.522670652716,38.4803188839063,213.729446935725,30023.1808669656,13541.1031390134,2991.096163428,1512.47782760339,3065.49128051819,10838.460886896,1330.49277528647,200.739910313907,1286.03537618334,77.5567555490218,52.7961100532968,6.29818916531515,3.69922157475356,7.2334858908411,29.8054824789958,7.81532404747887,1.76082657570489,4.03270323866681,12950.5427486998,7244.32089972202,1609.2870528527,697.54796211115,1682.59251894632,5094.38570293905,1353.94492936164,366.576455318014,991.189429719674,95633.8531450068,43214.305792531,10619.7051264292,3643.3941118713,9933.29271336595,30786.880973818,6058.76261167795,1728.53610720023,7013.61282746393
"27","ROW","ios","NaN","detractor",959,7.76454474699627,4.8733494591183,0.288945264706249,0.155191704901886,0.487004188031857,30.6522990214656,10.7489062912164,7.46936058911168,17.3567475724874,3884.75495307612,2168.56100104275,349.343065693431,163.993743482795,426.433785192909,9472.30969760167,3999.60896767466,1246.14181438999,4263.89989572471,25953.4588112617,12191.0166840459,2809.08237747654,1488.25860271116,2867.50052137643,88885.6579770594,40037.8289885297,11040.4619395203,42252.8686131387,69.3367092314883,63.0068191425985,3.99246840763466,3.60621358527192,6.68316868132347,104.153052711472,39.0756228423912,25.206813809747,68.1278409023067,13096.0492981922,9991.36695276182,1233.36576605319,524.634482523867,1669.91592913575,14463.6497251069,5889.78097784424,2828.7982991066,8296.82769849083,87722.0951964415,40034.849541438,9744.9640944962,3541.19553810702,10034.9164385539,86550.3203866101,40340.8694738993,12289.4377666522,44214.9850100138
"28","ROW","ios","NaN","passive",642,10.2267280581927,3.46947871562228,0.268463434324113,0.185301957443529,0.328486621492964,44.802852912276,23.4407273675427,8.07785434288285,22.8134973458081,4635.17445482866,2172.8691588785,365.669781931464,188.16199376947,415.249221183801,11229.6728971963,5202.29750778816,1403.73831775701,5145.70093457944,28436.2040498442,12516.1308411215,2390.01869158879,1576.41588785047,2747.48598130841,91428.6869158878,41539.4392523364,11996.46105919,44296.7585669782,96.2700731139964,39.0011181020229,3.40282984385283,2.87149141429265,4.35104018349018,180.692287780006,110.469587991653,30.9783119890747,85.0153575915912,17049.9632434473,7277.49470412047,1006.46782154688,753.739746558688,1197.52097687431,23018.2468362023,12495.1120075571,3006.20490094314,11945.2186032673,84964.3525623203,35089.5444955675,7336.08378224926,3409.97434533104,7791.10838857862,81521.1861499701,39053.3373140737,12570.2588490151,42864.7415701723
"29","ROW","ios","NaN","promoter",871,17.927335614558,10.9601891112395,1.81916836558632,0.156215810008415,2.40213946078325,33.4900788889464,14.2801737653976,7.99196241331421,16.8723928834005,5397.79219288174,3009.12399540758,590.849598163031,182.881745120551,659.954075774971,9310.34443168772,4135.8840413318,1402.53731343284,4120.38461538462,31924.0321469575,15485.858783008,3289.40987370838,1707.04822043628,3558.80941446613,80643.794489093,35422.2617680827,10624.7256027555,39936.1894374282,181.032853035977,118.562112378378,23.9204955784954,1.90901640183791,29.7190337535391,135.824256874606,67.8490495861836,38.6570548943596,68.5274275079668,25198.2797586403,16547.6325447925,3500.36700395983,602.190891584852,3668.94159284138,18390.9733354724,9025.64436641878,3679.02124080205,9025.8610883607,111011.073896768,54073.6007291511,13231.9999901265,4696.76691195745,11892.5036609981,84116.3318476346,38148.1383682557,12431.2817925679,45109.4232499401
"30","ROW","ios","NaN","severe detractor",482,11.0252488133783,5.40011730775556,0.521582451817274,0.0792193658424157,1.98825015516431,43.7879445682091,15.0715331034568,7.31481954162739,21.9573326343625,3909.79253112033,1901.68049792531,292.572614107884,179.128630705394,570.082987551867,11937.479253112,4940.4356846473,1336.85684647303,4877.13692946058,20665.2323651452,9048.63278008299,1825.48132780083,1375.43360995851,2524.377593361,102902.197095436,46473.1846473029,13277.2489626556,47742.887966805,126.391759177632,55.0067482658861,6.97696376840596,1.20122649978014,37.4745885003318,153.958339097131,52.7963245020388,28.1888407455288,66.330256095374,18549.2332234873,8637.74670061733,1226.46866430786,565.519344452415,4148.13005404622,21235.0361505842,8594.68632783171,3210.26555177861,8722.84241102481,68583.6291955904,30303.734998523,5996.07198975325,2761.95168211462,7817.24998214351,104942.63581146,50231.5596189457,15378.2706218335,53013.2801544657
"31","ROW","ios","detractor","NaN",2619,125.242699063351,66.6554889050798,14.0311222805789,2.7984708079819,12.2836878450808,35.2172371265474,0.65877382593807,0.123342508432368,0.76980666189693,36129.7334860634,18506.6063382971,3689.54562810233,1143.50897289042,3830.54600992745,10326.2447499045,265.69492172585,35.754104620084,252.995418098511,310665.204658267,151847.528064147,34130.0519282169,11173.3646429935,30328.381443299,79205.203130966,1506.21802214588,257.850324551365,1615.90568919436,534.371513314351,304.853213491059,91.4127232011735,20.2359010394174,73.0607185209394,133.223005670343,11.5226340951884,1.91056505809521,15.4925680681138,64892.5159570328,36899.0700454899,10556.305357262,2613.05160215608,9206.62761406925,17922.5180508191,1758.4261820167,321.161076157396,2067.48893005874,307730.435209214,152838.379092843,38361.8548995908,12706.0067469109,34519.793175732,86239.9409531807,6942.81643316621,1892.9019363841,9933.21380103169
"32","ROW","ios","detractor","detractor",1267,152.526591840711,78.7517452339255,17.6324778390409,3.33578034687788,13.9311779510875,74.1514961436104,14.8322035835307,7.26362155479852,23.8322270932796,40246.1760063141,20343.3820047356,4214.35674822415,1336.40883977901,4129.28966061563,19465.4617205998,4256.1681136543,1214.4909234412,4971.00236779795,325324.977900552,159569.414364641,35971.7482241515,11969.3251775849,31789.1973164957,157145.344119968,37461.4127861089,10902.4925019732,41700.0962904499,664.230023520049,303.749766808376,78.273923212445,16.2354876259075,57.1617665983762,194.473881165604,70.7763886879386,31.0756793902855,101.358151282805,81523.3366203339,38894.7662747373,9316.68656016224,2611.13280063349,8051.37415099733,25840.615396538,9029.45862397163,3332.24415419933,12532.8785665345,320066.27553843,160677.732523737,39725.3044500187,13226.6373431649,34800.4578234157,122042.881307561,39349.94904368,12676.6421645354,43848.5356294299
"33","ROW","ios","detractor","passive",833,164.745178391092,87.8419987626162,19.270744172018,4.14180725236714,18.4226039557458,76.5060298332104,14.2258405357102,7.06245168505859,18.5891970981926,41249.4609843938,20945.1032412965,4341.04441776711,1438.99159663866,4591.75270108043,19977.8331332533,4308.58343337335,1231.92076830732,4319.77791116447,320870.955582233,155931.240096038,35486.2509003601,11690.81272509,31254.237695078,155853.190876351,37828.3205282113,10856.5450180072,42357.4525810324,577.864626555732,329.504617483912,103.473567250783,25.1707308480024,79.9904944318775,197.341150259048,51.1920177443268,22.0546515132614,64.0756857277793,76136.0295563286,44175.5376126509,12814.2828211485,3335.53841680432,9798.7574909605,26804.4054531953,7441.95004060042,2271.98550196049,7983.24223177189,322342.414263572,160161.866134198,40350.5525637828,13308.2296812363,34693.0310915381,111485.451159906,35011.1144817486,11384.3096735579,41440.3863304482
"34","ROW","ios","detractor","promoter",1034,114.044389377084,61.2112347381418,14.2503858737816,2.07732552614219,11.6338659416521,66.9792330236069,16.4062931010671,8.24681364425715,18.7073901830306,34877.6324951644,17919.2185686654,3684.74854932302,1054.2746615087,3660.13539651838,18373.5444874275,4472.22437137331,1462.02127659574,4293.40425531915,310725.935203095,152121.947775629,34282.9042553191,11488.6063829787,29754.4941972921,152788.558994197,37650.4400386847,10932.7949709865,41611.6798839458,407.019475203114,238.712119435847,66.4360076876404,12.4624731722139,60.0440623704136,197.751223481334,86.5646375107555,36.8171036725539,80.2655367237357,55704.8801720801,31415.9950287165,8257.94560524525,2054.46372715407,7612.52895413132,27024.1672260913,11357.7333162564,3974.68290399994,10679.5194231034,310360.713725812,155680.271031137,39055.0259643743,13029.367256559,34388.6953348477,118680.153955484,39521.7853729757,12180.2054417258,46139.4524240097
"35","ROW","ios","detractor","severe detractor",577,143.719518543612,67.7828576370026,13.4574188178179,2.87170289298735,14.7724747900748,66.3350015336675,16.9665451514064,7.90845965664566,25.0107597995573,38999.5181975737,18463.7469670711,3649.87868284229,1023.62218370884,4161.29982668977,19485.6152512998,4997.287694974,1345.49393414211,5401.11785095321,321409.289428076,151647.317157712,34182.0502599653,10866.6221837088,29758.7244367418,173249.750433276,46450.431542461,13248.6169844021,50549.0485268631,607.037517150292,292.91267313567,58.3825267469238,15.6486795373083,66.3834211777389,130.718997750062,57.467160715679,26.3991533442868,77.943137555487,73854.8602971665,35367.7683414323,6974.77472399895,2012.7361531718,8209.80990580548,19045.2622451655,8065.90763799876,3091.34886737838,10345.5961556572,304769.702742003,146827.63478416,36433.42266018,11913.4323253293,32011.9456922265,125226.246758992,47501.2087112577,15146.1860136812,53833.0825128419
"36","ROW","ios","passive","NaN",1582,104.542608910114,56.1927764938572,12.9664339333796,2.97797559996584,12.1301877744501,33.8768836838638,0.204067058347463,0.0337114268210234,0.499249844348503,33135.5164348925,17058.9424778761,3728.46396965866,1244.44374209861,3788.6788874842,10062.8666245259,227.585335018963,25.1959544879899,209.92414664981,300816.077749684,149662.185840708,34981.4917825537,12006.6694058154,29996.5069532238,77486.3034134008,1226.94943109985,158.405815423515,1104.20733249053,363.430320648543,199.881271566493,56.9674152080807,18.9842568958441,63.9337356647335,183.691608137007,3.95448397022429,1.01802682100421,12.413877307774,50254.1931261809,26995.9652459565,7208.47844712991,2679.79122315141,7687.30800252364,21804.2851456195,1060.15120291503,238.34368008853,1383.22812465747,293245.802231918,146091.634927256,36558.0796341035,12925.088280115,31461.2001739116,78411.2572291248,6259.86670192285,1088.50804108801,6846.33021307498
"37","ROW","ios","passive","detractor",765,144.263113912385,71.6820306319652,17.7425721830004,3.64833214804226,14.9746083614369,68.1643707824079,14.1374148815933,8.53077979784886,19.5956530457072,37621.6549019608,18901.6810457516,4239.05882352941,1368.52287581699,4189.7908496732,18907.6928104575,4401.97385620915,1337.81045751634,4419.43137254902,308308.512418301,151704.777777778,35841.585620915,12046.8052287582,30927.4705882353,155156.405228758,39056.7699346405,11221.4954248366,41713.2078431373,623.136961847683,314.260548323887,91.2681319991278,19.6843244556711,86.7547427703467,224.200628747701,64.7977310639759,33.874193150121,64.4492933506348,79302.2582275606,40619.5891456831,11139.8465921807,2819.44404095293,11103.3082286821,28895.3383270118,8949.97094232298,3544.89587857568,8591.2763824195,311176.011637109,152782.21196658,39807.4390050186,13597.4431467186,34175.0108485064,116779.840609883,40611.1684367786,12748.7964474156,42281.490012231
"38","ROW","ios","passive","passive",512,90.7082534155277,42.5842798186635,9.08860438772371,2.46500067504477,10.2540581522305,60.9303521338695,14.511171741266,8.86804690982841,27.7128728907389,30346.556640625,15137.025390625,3260.41015625,1053.92578125,3668.76953125,17881.494140625,4437.83203125,1327.939453125,5547.2265625,298972.236328125,147398.61328125,34191.287109375,11578.099609375,29978.5546875,159250.203125,39648.69140625,11467.744140625,43604.068359375,391.043955596795,199.344525327799,48.8457472430081,13.811358266359,50.3074588857426,143.820820200101,53.3522985476134,39.9090797911957,161.657974549386,49701.5489355776,25551.5726344061,6412.12263304346,1795.3100507806,7273.189504415,19687.9460664892,7292.06945217956,4350.84311534337,20912.832620727,298001.769333543,149734.758840571,37955.5564347001,12818.7326710337,33720.0736178828,121064.587149798,40001.633564472,12070.9270700997,43149.7484536551
"39","ROW","ios","passive","promoter",699,88.6307726822673,47.569548832808,12.1133534368667,2.84812067638137,10.0522555896719,49.057242041,9.21669745191792,5.80554889735574,13.0106283520176,31503.7782546495,15969.8011444921,3422.88984263233,1229.78540772532,3640.14306151645,16138.0185979971,3636.57367668097,1280.45779685265,3742.85407725322,298267.487839771,145726.343347639,34048.5264663805,11062.0615164521,29589.1430615164,152626.045779685,37104.3848354792,11062.8826895565,42277.5608011445,275.225722780445,167.423884088359,54.1013297155989,18.5804314770233,50.9216637539841,115.378555361195,32.0830222176423,22.1829169789213,46.2431300523395,39140.7929609772,22625.4006240824,6270.67605364816,2482.15068376628,6374.82184544524,16180.0552381087,5284.34460251789,2419.56074878394,6487.13086092429,265399.375553866,135288.421468434,35916.7933369312,11655.1926943585,30154.8334209812,109327.939834711,37816.7961635649,12472.1381280351,46553.3007491635
"40","ROW","ios","passive","severe detractor",337,100.927272572976,54.924965177697,9.55442071224738,1.30457270501155,7.37741104594893,55.1979325963869,15.1314937032548,6.83295505911517,22.1564490725734,30672.5459940653,16060.2611275964,3030.6824925816,915.578635014837,3231.89910979228,17749.703264095,4835.23738872404,1175.77151335312,4853.75370919881,262362.952522255,131254.685459941,30321.2522255193,10417.4332344214,27200.9910979229,171587.145400593,49164.5133531157,13702.8397626113,51288.8367952522,379.858845540008,196.812130620539,38.0559735162314,10.0268231419087,39.8173669441066,133.006555513256,60.9299308071442,21.5572319775533,68.7348396763468,50459.1017871433,27435.7089178404,4972.62259031135,1478.46879462674,5161.33703163014,18227.993260492,8741.02304493303,2479.63346910201,8528.68360169674,260744.206392316,134657.30301786,33702.2971555971,11260.9288792028,31306.5139485386,124883.898127586,48743.1933195057,15105.4135716529,52158.9646373064
"41","ROW","ios","promoter","NaN",1733,84.7308046697719,44.4193057885711,11.1307533893258,2.79899063072962,9.25306208847915,24.6574751420408,1.00570951324953,0.818768852573997,1.21276462453521,27214.6560877092,14301.3323716099,3351.03289094057,1276.05308713214,3137.39180611656,8210.42123485286,298.808424697057,91.8118869013272,300.051933064051,234301.491633006,120647.468551645,28836.7893825736,10300.4950952106,24870.1783035199,65391.679746105,1384.94171956147,172.949221004042,1133.10444316216,402.419004358785,204.820902079989,53.1101692282615,17.6028913988683,48.3105139283925,106.467531705435,32.6149168434757,28.6911641921914,34.5493342225966,54265.3127248883,27612.8339017315,7033.10331058234,2263.098644611,6218.21086094544,14326.0391173304,3490.28793673128,2325.03368704342,4180.63033216374,250965.792734675,127605.532450739,32268.7921418594,11612.059963129,28078.3391987364,73015.7648937805,6614.77822430711,1451.77459885226,5391.81564742405
"42","ROW","ios","promoter","detractor",835,122.302773229099,63.4977757515672,13.4833886596753,3.37014604768906,11.7214194912916,58.6999122310124,14.4468009249006,6.35607484608838,14.4604307003545,32378.7880239521,16997.2670658683,3565.78443113772,1393.01796407186,3733.18562874251,17267.4550898204,4380.74251497006,1219.47904191617,3861.7245508982,249406.480239521,126935.204790419,29620.622754491,10229.9652694611,25916.4502994012,145190.631137725,38608.468263473,10736.154491018,42956.3413173653,784.640355541152,398.812026782255,69.6818409324583,20.9260662937837,67.1569489732413,163.195018383987,51.4003802907498,24.0446609194682,51.9054086114268,91243.2919947551,47521.9816278852,8991.72903731939,3194.40754476117,8922.51344602615,21937.5758654551,7406.56708325807,3169.59865496454,6653.95445671568,286437.29460649,142761.575504787,35118.6007286636,12527.4624722167,31601.6057830606,109819.20292668,38634.9422794333,11923.4134101358,44713.6193790359
"43","ROW","ios","promoter","passive",539,81.9594637078067,41.833231558389,12.1681101206199,3.38164816941191,9.81588552379893,51.2435080907321,12.030518981746,6.85305449300197,22.0919845103003,27228.6790352505,14152,3364.93506493506,1246.64192949907,3370.68645640074,16202.745825603,4148.26530612245,1313.18181818182,4712.27272727273,253887.79406308,128893.280148423,30329.5677179963,10668.8831168831,25382.6920222635,146047.734693878,39879.4693877551,11179.2578849722,43895.706864564,356.074326781503,172.657934763711,72.2581081953825,20.037192582707,54.404789599476,145.035552605517,54.6307009878582,19.2957938999672,93.82472645267,45035.2259606841,21512.0615034077,6799.75126277076,2767.08569396002,7979.45587560032,20983.95127979,7867.33095663038,2762.36807055383,10684.0246531817,279645.143133647,141098.677158013,36167.4926470717,13354.385243425,32573.0406051625,106977.910212411,40020.5640292097,12185.8757123052,44055.4493070945
"44","ROW","ios","promoter","promoter",734,71.3234856293626,39.9621138116916,9.88019424467691,2.14403399907479,10.2394919926121,51.4055042155206,13.8457195692401,7.24642925980625,18.4930192052112,26374.6226158038,13843.2602179837,3106.28065395095,1168.18801089918,3254.1416893733,15464.6253405995,4026.51907356948,1367.77929155313,4263.74659400545,259447.291553133,130607.397820163,30644.5054495913,10973.7356948229,25970.3351498638,141316.160762943,36725.825613079,10768.6648501362,41354.6144414169,227.608115823624,143.393852536105,48.4927698319261,14.7584609675478,50.7605547212938,146.360808145307,67.3927702744585,39.3083272928571,74.0542493353194,34725.0177497377,20132.367730556,6224.90201615716,2196.79125109622,6289.77728056451,19507.0183655597,8778.92394522593,3543.23893190605,10701.9951217728,294930.09026,148733.738313098,37685.8062754344,12666.8911260989,31786.1396718894,113670.504900811,39314.4119327798,12517.6867771331,46596.8605326346
"45","ROW","ios","promoter","severe detractor",404,126.681010309881,67.2236529872401,19.3965830059799,1.83813019908003,12.7644969371732,83.6007422296145,25.6415352288194,9.31109009977193,31.9433025256223,33354.3217821782,17705.2623762376,4248.41584158416,1203.51485148515,3770.09900990099,21653.4034653465,6341.21287128713,1589.98762376238,6147.09158415842,277951.388613861,138238.504950495,31824.1262376238,11437.7277227723,27827.6287128713,175657.047029703,49770.4975247525,13795.2400990099,52958.4356435644,752.545968045374,431.989569883114,211.641095410395,12.5963808729038,70.3277048950281,275.192370676732,116.95849585745,40.7216960032917,122.816047093496,95765.6179187511,54591.7854323822,26249.5146586889,2439.18741753138,9590.89875600765,36280.4333769313,16387.2346301339,5015.33016484234,16598.8614484142,312161.516658335,150526.293341179,37606.0208659614,14086.0863043932,33371.8994294496,129152.103336813,47265.3676234843,14502.8242583389,51610.5092393375
"46","ROW","ios","severe detractor","NaN",1503,206.305055061594,97.7152586738158,18.942774384894,3.75147029882283,18.2078139374174,46.924241688959,0.170370552883088,0.122588320571688,0.290734538847394,49779.7305389222,23942.8043912176,4388.27012641384,1385.13639387891,4895.62208915502,12681.9793745842,192.262142381903,35.8715901530273,163.689288090486,389713.349966733,181902.103127079,39511.1836327345,12990.1596806387,35830.620093147,91404.5349301397,1245.25016633401,145.570858283432,878.252162341995,694.130220215611,331.143395500574,80.111136369577,22.3139017990233,87.9944841253879,182.092876541058,3.31258140632425,4.09431348396408,4.90891965096718,90509.2936166075,43790.8646766898,9866.42848856966,2855.60883681937,11479.5671715286,24636.7395497737,914.047953298625,311.954245912041,1093.65436592292,389964.402444,187982.392441011,45895.1683207208,15139.136013903,42114.8258366067,103620.824380255,6703.52530056761,1153.0093047586,5078.42451450774
"47","ROW","ios","severe detractor","detractor",700,237.40989436435,121.85740032899,22.2980806874572,3.71711742639046,18.9433948299648,91.0255157218106,15.4244893645424,9.99555510952422,19.9976585630741,54120.1714285714,27065.4285714286,5060.52857142857,1370.91428571429,4902.27142857143,23099.8714285714,4730.81428571429,1419.56428571429,4903.12142857143,397524.507142857,187643.328571429,40925.6128571428,13283.6757142857,37187.7885714286,173999.767142857,39750.1228571429,11532.24,43023.32,971.759429191925,480.607195984355,131.285639958933,15.3024828225053,76.0004409533125,277.905236744361,74.8941589927647,47.6583989191385,87.143735956404,120081.779756946,60693.5218946023,16287.1166031698,2334.08794711339,10004.4497316274,35658.1686660403,10186.0394086845,4259.85747209421,12198.3377936508,392149.326879598,190274.872606726,46106.1890596928,15244.3563937256,43207.7385602261,127247.264481532,40291.4971603698,13478.2492022856,44286.2394719509
"48","ROW","ios","severe detractor","passive",446,155.319354460819,78.3206111428492,14.5524588821628,3.94769194543918,13.3093805552418,58.168572847922,11.0637041369096,6.06085285330278,13.5928130583641,43543.1524663677,21294.4080717489,3942.15246636771,1141.74887892377,4147.533632287,18359.0582959641,3956.4798206278,1062.19730941704,3851.46860986547,374998.03587444,173592.795964126,36809.2668161435,11753.1390134529,32379.4394618834,156200.641255605,36116.4798206278,10690.8744394619,38867.899103139,409.898230409496,228.486616717127,54.7771045585203,18.2860505316921,55.7946838157909,123.34661695229,40.4577877936153,19.3089730204723,39.2399491126962,57011.6155756657,30946.6695439843,7271.22859248129,2354.21488421643,7527.40779157501,17972.6904380816,6018.91972526154,1846.90570051627,5846.87612032513,373201.217004692,176126.822244848,42078.2971204351,13360.051849743,36528.5026906684,123795.270055934,37595.7978477011,11684.0935751063,41084.0253307877
"49","ROW","ios","severe detractor","promoter",656,221.482964667818,118.794884641468,23.3533534984275,3.43144834514764,24.2325033902482,91.7727181957883,20.8841346674242,6.37869580450564,19.0264171607375,51983.4756097561,26601.0213414634,4940.2743902439,1290.09146341463,5409.7256097561,22366.5701219512,5002.51524390244,1208.36890243902,4227.88109756098,397764.461890244,190234.472560976,42121.1783536585,13492.4207317073,37935.4679878049,171256.929878049,37207.5655487805,11048.762195122,41378.7088414634,674.609854966355,426.000833818161,99.8336328921549,17.0750747685686,110.030602004749,278.054278317131,120.147989694318,23.477501998221,101.177079716503,88088.2088732489,52727.3000360598,11988.4581740207,2327.41431554458,12983.9063124586,35065.7893552031,14825.0161283512,2591.60257376482,11777.4082579484,387393.658738485,193499.691866569,48151.8281928283,15070.1500919942,42952.5990675595,134897.750670481,39928.1159906604,12903.0581623237,43684.0937953356
"50","ROW","ios","severe detractor","severe detractor",291,171.858886322361,86.8746701626748,13.630820139273,4.41713700350239,19.2514976495513,90.9669628885825,19.240502120473,7.27041509686628,22.0877711108423,45842.0240549828,22835.2199312715,4022.68041237113,1637.59450171821,5095.39518900344,23995.7903780069,5225.82474226804,1271.32302405498,4928.88316151203,393221.079037801,188802.735395189,40261.9381443299,12974.587628866,39582.6288659794,197703.807560137,48887.323024055,13592.2302405498,51854.7422680412,530.443339151771,326.162664108036,56.8214720789491,19.7267092186188,79.3106327921557,219.153796747247,76.0881448216662,28.7806547287599,76.8052621574691,71989.5717573716,42668.6721679858,7620.77082472823,3081.57120478767,9726.69218139255,30876.9847005943,9612.38492636594,2925.72385127448,10033.1439037422,376384.327733699,183121.944059902,43167.7560212076,13801.3911138566,43495.5392016365,149189.450865244,51525.6122967061,15136.8521154184,53459.3410227994
"51","US","android","NaN","NaN",2589,9.55895608997169,4.60356290997391,0.852441096948628,0.273711857860177,0.929663962920046,3.47883513339192,0.325037251206689,0.0312461756967389,0.362306811396121,4199.05291618385,2093.76129779838,419.984550019312,233.920432599459,497.246040942449,1631.22827346466,227.966396292005,34.4380069524913,226.37504828119,26020.7585940517,12239.3259945925,2585.54190807261,2012.42332947084,2799.11587485516,9890.07956740043,1532.86635766703,208.499420625728,1344.72035534953,88.779245769872,47.5415267885578,11.0143526283824,4.06500038635342,10.2898867722913,37.6454186812434,5.52204116940644,0.824221983816681,6.21929085263259,15441.8823287638,8049.205834099,1911.97693389399,757.912641218738,2105.45074090124,6213.94423328253,871.804856997744,329.276205741866,1288.11391702194,82561.5581030281,37233.8991317746,8994.45947762892,4181.59565202988,9858.85542793946,28861.174625965,6658.49002473432,1445.18674705635,7041.50228707361
"52","US","android","NaN","detractor",1293,9.52634411107871,4.33681955205214,0.752977571539057,0.200951276102088,0.714988399071925,36.3989032930665,15.0147201713322,5.77808095438305,18.263798434771,4417.69992266048,2114.90023201856,405.491105955143,229.938128383604,501.260634184068,10148.9443155452,4370.16627996906,1119.44702242846,4311.92962103635,29173.3495746326,13639.7965970611,2850.02474864656,1964.48182521268,3122.8909512761,85768.2969837587,38175.0610982212,10636.7401392111,40201.6434648105,62.8386334820644,29.8768441509618,6.94409507242551,2.37892073799339,6.1539535433947,131.321828164814,78.5372555607547,19.9914636472888,63.9760956121691,13306.9419694616,6316.97374640695,1504.4634863277,690.595603222758,1611.89916570712,17484.0180756056,9964.88905532159,2368.3622624523,8265.0359656111,84755.5484197821,39361.9350078023,8657.469768201,3356.50646564068,8993.03268289517,80601.0179830215,38717.6557850059,12378.6049660737,40542.9117237427
"53","US","android","NaN","passive",828,7.07056763285023,2.8489734299517,0.624130434782609,0.688260869565216,0.717173913043481,31.2673461790888,12.2452333613248,6.27351016521352,18.307349033536,4015.75362318841,1883.92995169082,409.251207729469,272.548309178744,469.202898550725,9379.93357487923,4130.25362318841,1104.59541062802,4332.56038647343,25309.0615942029,11183.2669082126,2418.99516908212,1980.32367149758,2680.17995169082,86225.497584541,38864.5229468599,11006.4963768116,43077.9625603865,46.5302240508417,22.1801120931258,6.87079646794211,12.8248066894243,11.8367845883806,95.5305935092668,46.8173312063958,19.4394366952938,77.3204277598281,11329.0184163412,5205.03794390642,1537.80074112546,1777.24013420823,2012.78317238801,13365.6419972708,6666.38567747874,1945.72999746888,9077.46323823858,71531.2924800526,31168.0608390507,6840.63982578351,3308.70685883439,8333.13533001114,81155.2032817746,37717.0752571982,11472.3636446422,42982.3617903998
"54","US","android","NaN","promoter",1113,5.59070080862533,2.9228661275831,0.455292003593891,0.304411500449237,0.587196765498655,33.4904821110106,14.3662657306976,6.06639782052483,16.501231616494,3513.33243486074,1832.44294699012,398.454627133872,197.448337825696,449.083557951482,9465.81761006289,4141.48247978437,1292.87960467206,4076.58131176999,28345.1680143756,13537.5983827493,3127.10781671159,2079.91194968553,3049.31985624439,81910.5929919138,36542.8095238095,10508.2542677448,39966.8903863432,38.656847014354,19.6789314574422,6.44708056246146,4.06302484595653,5.21042708500868,179.698989075671,86.1765833739439,26.515573987064,95.0560714552714,9832.05374014516,5215.14937419513,1270.03694146926,679.729999083575,1360.89477588586,21641.720578773,10550.9306037067,2947.86200812474,11410.3132155546,88151.617735972,41111.5177296085,10194.7652271607,4200.014813627,9135.12808737679,86083.7200389445,40198.1949714846,12314.2464508396,44845.6213649502
"55","US","android","NaN","severe detractor",595,7.68179831932772,4.07440336134452,1.26507563025209,0.22163025210084,1.92547899159664,40.2847164624953,15.2100851250406,7.84260898780695,22.6204868317178,3435.78319327731,1846.60672268908,440.90756302521,205.025210084034,611.478991596639,11521.5798319328,4736.85714285714,1208.13445378151,5102.88235294118,22148.9109243697,11132.6638655462,2706.87899159664,1955.5512605042,3133.27899159664,104546.564705882,45452.8268907563,13126.6806722689,49970.7243697479,97.7985437703205,51.5917945454135,16.730589852748,2.21630593201128,24.3988055103968,131.351365789375,80.8585170496082,28.6147610202482,76.2652436207289,16620.3396111397,8859.67201416671,2750.35770857373,613.522251622086,3934.78570568229,18480.3139760885,10633.7509197996,2880.28521059108,10655.4517180691,82996.8468002551,40001.911016572,10303.5562225112,4081.25331834012,11748.1095356987,99029.0128231505,46114.9077409337,14676.4878403804,52199.08002864
"56","US","android","detractor","NaN",2563,157.714021554485,84.7606344654094,17.2252387354186,4.7081220074354,17.5390346600427,41.2013899596943,0.377768230186933,0.00504463111693676,0.380530033090965,40722.0163870464,21096.8154506438,4255.18923136949,1495.52477565353,4551.56847444401,11105.952009364,205.189231369489,23.5914943425673,241.613343737807,292866.636363636,142629.470152165,31037.2641435817,10816.3316426063,26923.1946937183,70862.5809598127,1278.54779555211,138.611002731176,1065.78423722198,580.386859655199,328.25444711244,79.9296939504164,32.8683400399652,87.7091191028963,173.548596905902,6.64415244129558,0.180721919178709,11.0241900602551,81057.9428783239,45384.9639185777,10896.2218918165,3744.99333584842,12218.0619182961,24588.8476536273,1263.78135726807,212.744707147857,1856.8566475662,311052.015984842,153421.952686916,36309.8271232649,12814.0610620396,32399.1073262731,82959.251702572,6131.52790164299,1122.71802164038,5620.0866552366
"57","US","android","detractor","detractor",1235,133.804766583598,72.0638250001316,18.6553765182186,4.18138461538461,14.7698299595142,76.8266404526937,16.126755187064,7.74165046052351,20.5262121208329,37462.3012145749,19377.3700404858,4475.17408906883,1463.26315789474,4186.61538461538,20015.020242915,4747.08502024291,1318.65587044534,4715.79352226721,286127.307692308,139906.365182186,30954.4923076923,10803.2388663968,27392.1020242915,150452.134412955,40689.8712550607,11414.8850202429,42529.8234817814,377.015334654845,231.46360183958,83.8683654587128,21.0349706570944,51.7359379861476,167.97348338783,59.0480990834304,30.9179649847989,73.494542065445,56969.7051485105,33797.013592952,11274.9444915771,3087.72058897077,7651.47392355503,24534.6951450927,8556.93459745271,3545.24008837685,9557.89636898633,303717.667246033,150418.798306816,36521.3988613505,12831.5970133461,32197.3317474555,114603.848987403,40833.4600334121,12600.3154160848,41919.5401631202
"58","US","android","detractor","passive",815,160.182449358343,81.3451242049685,17.8597300613497,4.93319018404908,17.0722085889571,77.7443456194504,16.5491519872946,7.54179463754137,18.9228991171935,41645.3840490798,21055.236809816,4386.96932515337,1595.42331288344,4455.71779141104,20121.8834355828,4708.07975460123,1330.17791411043,4500.21472392638,295394.496932515,144688.274846626,31907.1435582822,10668.5926380368,27710.8846625767,152552.357055215,41054.5214723926,12102.0944785276,44530.7435582822,473.61451623614,234.429765803866,68.080629381482,24.9271820271596,66.4810752959946,195.759089447697,80.4254804669464,26.0359727404859,67.2276155888792,69807.9645276233,35043.1293098539,9415.25663544777,3375.50295259743,9384.2985175872,28137.9842140719,11169.3927233367,2815.30731565411,8809.95662148857,319695.22305354,159064.096641693,38545.2989712309,13238.9066939291,33130.7574185489,119875.486857441,42143.1275865139,13334.9322787658,45428.1865633459
"59","US","android","detractor","promoter",1069,162.635269437882,91.6404590075048,21.0139474495478,5.01874413475225,17.7071734426717,75.366578512836,16.6338356451289,8.30159748759422,19.3280161232382,41721.6576239476,22223.668849392,4727.70813844715,1625.05144995323,4499.87839101964,19189.1721234799,4406.52011225444,1541.99251637044,4278.76987839102,297967.09354537,147284.598690365,32205.0439663237,11199.6613657624,27923.0355472404,144457.63049579,37594.6155285313,11244.7726847521,41287.9971936389,422.345342385125,256.907147970753,73.3389714747887,22.9318942939976,60.641561824346,207.350141899644,81.4747854525791,34.4651972771323,94.7153201375738,62713.9542287989,37237.4640980546,9944.70052937024,3308.44797707525,8789.23819971132,28423.5632518672,10538.6756835803,3981.90850858359,12230.837737752,309309.808050021,156358.224887006,37561.5085800343,13365.2987706893,32946.8046629239,114945.268810632,39705.1630840484,12993.4598735929,44695.4424414868
"60","US","android","detractor","severe detractor",580,193.492602876322,105.500172413793,22.0658793103448,7.0836933712282,21.8191573860505,103.027389519211,20.5494455750684,10.9359013036506,31.9036739615657,47397.9310344828,25069.2413793103,5054.74137931035,1838.56896551724,5184.56896551724,24451.8879310345,5416.58620689655,1681.12931034483,6243.0775862069,323885.010344828,160505.944827586,35337.4603448276,11805.0275862069,31263.0465517241,181504.618965517,50242.3982758621,14177.2465517241,54416.0982758621,507.478447341289,294.21278582218,75.4527078462571,32.2763249900524,72.3147038859525,264.702997996568,111.973222306908,56.0233891966057,179.843028584076,74542.2713288853,42981.165270508,10606.6572164742,3831.4836369898,10278.9537138365,36865.8325967697,15557.3085741164,7271.89137155468,23747.3677454687,351552.541696674,177096.55675501,42948.4238107458,14052.5979660379,38391.5556102605,144456.528327952,51407.3557338419,15228.8436905611,54599.4205918537
"61","US","android","passive","NaN",2045,187.640693240751,97.9733532673425,20.9293039821614,5.48926650366751,21.3675316138899,49.059833740386,0.188014049829732,0.0323291159436952,0.736627903546558,43859.4034229829,22785.315403423,4902.24449877751,1687.79951100244,5065.31051344743,12153.6210268949,218.955990220049,36.5941320293399,268.210268948655,285457.17603912,141101.074327629,31239.6674816626,11079.6782396088,27555.6836185819,72313.4591687041,1442.05476772615,230.580440097796,1456.90171149147,1041.89768186984,563.664487747441,114.51154722448,49.249963032059,142.546801345219,276.472624174308,3.7412764059872,0.807876640510904,9.79400391321435,136211.981128235,73967.2089462766,15401.8509923668,5182.13343104575,18626.1552384449,36358.0864626925,959.123827081085,313.182993849888,1436.76291399439,298612.649853852,147775.718154087,35148.6274280556,12556.7095466949,30946.9219841127,81368.1642875237,6997.26165707616,1932.02589038147,7941.67970444608
"62","US","android","passive","detractor",973,130.891775075711,72.1997768007743,19.2495477903391,4.71780061664953,18.7505426698523,74.2827568169725,17.4852190528879,7.80331907008347,19.2023076477351,36851.3967112025,19661.9619732785,4597.26618705036,1748.55087358684,4786.86536485098,19684.8509763618,4704.20349434738,1332.32785200411,4496.80369989722,278678.651593011,139575.686536485,31386.9249743063,11397.8684480987,27925.1695786228,150430.87975334,39790.5827338129,11615.7656731757,44540.3576567318,410.691723410227,218.627423552124,67.335514232504,22.622973144174,72.9185271458208,176.690396109579,78.5129030738621,26.7216373674964,69.6914834202989,61329.4390970244,32822.6891693883,9384.82406683744,3473.69572537987,10322.903355281,26068.2551792388,10918.4754866407,3271.72238879097,8940.58852413692,295500.80378422,147774.616082975,36251.8133842094,13161.6759674746,32063.7767734302,117333.7117443,41643.4468651588,13292.3270928683,47295.1968355075
"63","US","android","passive","passive",627,130.226860173456,68.4063813036942,18.2712420418886,5.01561403508772,18.8216175366197,63.121817019668,9.31388110187878,6.57966808257062,17.3915331655493,36666.2440191388,19064.7926634769,4459.95215311005,1728.69218500797,4822.2009569378,18635.956937799,3807.82296650718,1215.9649122807,4091.52312599681,295087.977671451,148645.907496013,33524.2918660287,12130.1626794258,29959.6028708134,150430.585326954,37148.9489633174,10826.5789473684,40118.4497607656,349.448336299212,182.56204729303,62.2988758281915,23.3624932760706,65.3903983589908,138.584577385122,39.4388697182394,23.7589825352642,73.0931545691725,53097.6106037451,26952.8102984179,8540.23707860205,3488.66533603093,9252.63366036085,20498.1619676218,6017.76430460662,2725.05587808819,8547.84066210221,310570.068420836,156110.124535624,38528.4051822486,13198.9320852388,32846.6222585962,110858.256071241,36348.9068001512,11635.8133751923,39524.3057899109
"64","US","android","passive","promoter",862,146.182314807033,73.5270946900976,17.0330546505098,4.26747099767982,16.9401392111369,64.2136519790661,14.3151783314859,6.95539919361414,17.373161185149,38061.9373549884,19288.7122969838,4343.74709976798,1606.43851508121,4425.18561484919,18046.6589327146,4194.37354988399,1381.87354988399,4098.3120649652,278011.561484919,137827.383990719,32038.7053364269,11585.8549883991,27788.1821345708,144249.996519722,36557.777262181,10924.5197215777,40236.4593967518,671.955683830813,296.207901000544,78.3099943758265,21.1191349811961,77.3830414844766,187.164491205953,60.8651642952325,32.0628762445139,65.3624284267354,91263.0990442968,41208.1967109176,10610.0247556619,3107.26599042303,10847.7648816325,26024.8518228546,8083.32860938715,3157.85666392442,8440.62749627309,310243.222377658,155511.337317213,38833.8771061781,14222.495612439,33242.5274444465,116729.536387623,39709.8333046309,13306.0707463739,45857.5954262886
"65","US","android","passive","severe detractor",453,175.361069114941,95.5771523178807,22.2030022075055,6.15704194260485,26.9572626931567,105.026834051243,20.5879783441205,9.76572842422986,28.9802553800569,42392.2715231788,22741.7858719647,5081.30242825607,1866.57836644592,5878.2119205298,24419.5584988962,5497.16335540839,1410.30905077263,6152.54966887417,275025.887417218,136821.902869757,31708.4105960265,11357.3973509934,28897.004415011,168238.099337748,47153.4900662252,13859.7814569536,51791.4701986755,878.854891362641,464.03197692689,115.270668191833,50.8642130708717,154.713358961543,339.520091591411,132.039835422772,44.0881303299214,111.210282293046,117729.006769029,62923.8371347582,15790.3382952019,6987.95471179749,20067.2308417007,45446.2079223012,16789.4411041076,3933.21588309584,15624.1471328393,279819.764743044,140492.171278739,34524.6615458803,13345.8360864424,32022.480730737,119055.151457664,46766.960104245,15433.8585408436,52482.4730387904
"66","US","android","promoter","NaN",3183,115.397725642053,63.5370382464816,17.7818504555451,4.53477222745837,14.5126371385923,33.6753745388196,0.238217830792305,0.215384617454322,0.480739133557396,32721.3125981778,17570.4203581527,4353.15111530003,1637.69085768143,4084.20986490732,9691.17499214577,229.695256047754,48.9286836317939,248.553251649387,244254.699968583,126155.278667923,29272.5155513666,10921.300659755,25317.3587810242,65236.5252906062,1642.65347156773,274.546654099909,1582.0037700283,401.399066952442,223.855588173534,75.8137821120915,23.9087083246971,59.2021627649577,129.989651054459,3.88822321961335,5.92332399580186,8.35335436689179,58211.5829808986,32108.6230455965,10271.8417605345,3261.48202016859,8685.13753923133,18767.485635593,1025.40803063423,735.712656810654,1401.7707176249,273411.859288975,140658.624669466,35442.1238544823,13251.3858737921,30223.5412435077,76991.8607100133,8226.57874655524,2222.16162822506,9059.69981513712
"67","US","android","promoter","detractor",1485,119.852483188325,64.1524670342953,17.1924598789545,5.33002020202021,15.9157062061586,75.4325760707889,17.4317049677646,7.20325031250781,18.7437286451316,32956.0249158249,17471.8296296296,4191.54208754209,1726.74074074074,4288.7138047138,19324.9696969697,4808.0404040404,1244.57239057239,4427.24242424242,248744.896969697,125649.901010101,28845.3427609428,10720.1750841751,25661.7225589225,144059.826262626,39053.2599326599,11147.7562289562,42664.2127946128,439.575026537906,251.66421679888,63.0853038520123,27.7656998581242,70.4652228980113,219.617020284479,92.6754638223566,33.7744739029349,80.0789924181075,62428.0256010455,35562.0028394459,8629.97113152043,3870.673397571,10123.105288207,30632.2688317854,12500.0567464366,3773.97856207121,10720.952004458,286252.841458543,140522.868373407,33921.5924261439,12194.7271991868,29930.5560716562,112734.740171351,40379.9924155461,12688.7841855043,45304.0179578721
"68","US","android","promoter","passive",1038,109.853842097287,59.7424835184853,15.3956454720616,4.28621387283237,16.8492093439675,74.5722974811389,18.9725074659085,7.31566608346593,21.8336770874958,31681.5481695568,16904.8622350674,4111.30057803468,1661.62813102119,4368.86319845857,19243.6368015414,4945.87186897881,1467.03275529865,4940.69845857418,251104.295761079,129004.738921002,30356.7013487476,11529.9807321773,26722.6445086705,145996.867052023,39512.612716763,11092.7842003854,42775.6599229287,338.633687290417,186.066366836179,53.4155916467434,18.6331304782115,63.0791787129031,209.991316859932,95.5168127940657,28.5083239843213,116.18647587016,49860.6786873393,27233.4292093163,7358.54306049851,2806.05065839034,8559.21595032258,28732.8146204574,12225.3068002654,3860.5990013051,16051.7252508283,278793.581272134,142792.796462665,35239.7417400705,13428.4157739578,31339.8406438712,109551.81455234,37263.8911082407,11472.2130223991,41690.1661189657
"69","US","android","promoter","promoter",1334,112.112619604079,60.5864426925349,16.0306671664168,3.93519631100123,16.661165536974,62.1153104229668,12.2210143450001,5.11710024659552,14.6621782744216,32248.6034482759,17228.2061469265,4229.75262368816,1642.13643178411,4262.61619190405,17228.5944527736,3882.22263868066,1274.38155922039,3664.3215892054,245573.331334333,125529.754872564,29680.0037481259,11119.6581709145,25769.7728635682,140458.522488756,37495.5637181409,11118.0397301349,41202.9445277361,372.927983231688,196.423640353173,61.0556897114528,17.3495450919829,63.5260723703019,151.567490469108,56.5323644714154,18.555743995323,54.9059180646683,55228.3316741535,29366.6733075526,8355.01516057021,2635.87170842833,9055.61895376439,21430.911859986,7363.40795897864,2501.51553684663,6864.89115834567,276803.349090888,137159.767644839,34565.966998384,12944.4607537605,30644.6214899075,112806.36277513,39015.3572270709,12716.2014317517,43296.5237545374
"70","US","android","promoter","severe detractor",696,141.220191943276,76.3582580804056,19.8636206896552,6.02234195402299,15.6253735632184,75.4214799796668,16.4846299295162,6.77861655811224,26.5167519209023,36739.0229885057,19905.9913793103,4829.94252873563,1828.26149425287,4353.5632183908,20014.4827586207,4802.84482758621,1195.12931034483,5455.15086206897,275451.91091954,140099.597701149,31559.4281609195,11246.0445402299,26459.6451149425,158980.377873563,45058.0675287356,12958.0158045977,49945.2974137931,413.277264485762,239.480705873833,72.4977064948654,34.8259421266811,75.0247572961239,179.934663874299,65.2128876692906,28.9111645764989,103.379184077223,60520.8660731256,34784.0977947212,9850.26440120622,4356.3410817716,10475.0220867004,25263.7330163047,8821.77521061008,2695.86497600793,12031.7721569269,314072.457926613,154832.370026004,36850.9210555882,12727.9892777912,31199.1308352312,120960.458766352,44934.4804289043,14122.7885731963,51914.4342890325
"71","US","android","severe detractor","NaN",883,225.962998328775,118.974630106568,24.9860942804442,5.755891383042,20.9773352424058,55.5980599412987,0.478880239839289,0.118706506413235,0.477101148017902,55268.4337485844,28089.7361268403,5667.03284258211,1914.2355605889,5400.4530011325,14210.6908267271,286.115515288788,33.7315968289921,256.868629671574,409953.201585504,193294.843714609,40696.657984145,14277.2933182333,36599.4054360136,95203.2933182333,1228.31936579841,171.305775764438,1303.71687429218,574.402532258809,321.968564943085,102.283853888132,25.6247718878357,67.9321050921711,148.364592351228,6.17878848789067,1.96532662404287,6.88329801200353,85871.0839468259,47720.9686002822,14142.2119151377,3765.62636272269,10031.3873640498,22579.7228074638,1292.92448137247,225.770987926198,1192.40675213658,401291.54776325,196544.026944968,45994.6179288683,16363.738115211,42215.8685925254,103338.932139704,4871.96838138618,1364.41093476719,7031.42180178879
"72","US","android","severe detractor","detractor",403,220.431617278477,107.42644701297,26.9705955334988,6.60362282878413,24.4794789081886,108.395643128734,17.6014690129471,6.90308666393826,18.2854705877406,54441.4317617866,26672.0024813896,5822.80397022333,2069.80148883375,6184.41687344913,25560.2481389578,4793.00248138958,1287.87841191067,4638.34987593052,405381.59057072,192668.712158809,41226.6104218362,14023.6699751861,38466.1736972705,181870.384615385,42483.4789081886,12217.9330024814,47583.8709677419,558.414715318692,278.795063615558,94.4118551384799,34.8134739638191,71.9532424943393,240.501306793633,58.7972269223795,20.9381178363253,61.91605912266,82277.6154976388,42052.3180732741,13153.234675041,4636.5036535788,10820.5960947484,35266.4496206203,8186.06515542415,2404.77127874773,7990.34920495239,387255.669610544,191356.795253755,45581.9538254653,16038.2156031803,42707.8975423418,131514.224017817,42265.0371990166,13803.4099587937,50419.9055603997
"73","US","android","severe detractor","passive",278,263.339784172662,121.021582733813,25.965,6.03428057553956,22.3536330935252,91.804060036013,18.7859334239459,8.36481529900335,21.4871206936589,60386.3129496403,28864.118705036,6005.10791366907,2023.95683453237,5560.17985611511,23158.0575539568,4859.64028776978,1208.8309352518,4885.14388489209,424203.251798561,200447.571942446,43168.8525179856,14327.5143884892,38228.7158273381,167526.201438849,35559.7014388489,10590.1510791367,41204.0107913669,669.848358474407,315.84436246356,90.2078095579015,34.6295864303888,78.1205018697701,177.419391447154,63.7046145082122,24.8376543175081,68.4796166102876,97309.8301240885,46322.8383710195,12314.6906703336,5165.29226808479,10957.8029977698,27078.7682892272,8669.10533069941,2721.58645538403,8627.80434067412,426326.127506448,207618.636980375,53189.8435502376,17775.5849023014,44990.4553649352,127105.015485558,32854.0723575834,10941.8604443811,40941.7648523328
"74","US","android","severe detractor","promoter",361,258.999332419837,131.248393584684,25.1539058171745,5.48858725761773,27.4193628808864,97.4858529661354,14.1196736239772,5.45376520580296,12.3102788165186,60721.6925207756,30251.6371191136,5899.83379501385,1820.80332409972,6351.41274238227,23950.0415512465,4277.63157894737,1071.73130193906,3709.15512465374,424525.977839335,196971.498614958,41830.4570637119,13414.4404432133,37303.8836565097,168250.221606648,38360.2216066482,10980.620498615,42221.2299168975,643.413082621417,339.925749070959,104.996945680349,34.7390797301629,96.119959075358,212.946339687072,58.5255427605134,17.2093012779256,36.2560773601727,94718.6588278804,49198.0180664905,14375.1255637055,4833.01868718253,14068.3602830668,30502.7732129199,7967.75572228466,1696.13784566281,5804.14171263193,374911.823648463,182351.525011463,45785.4323163913,15721.5534467962,40749.5250257634,121294.530967122,38532.8321394118,11082.1151133768,45418.6594253311
"75","US","android","severe detractor","severe detractor",196,230.489336734694,119.788826530612,20.8395918367347,4.00867346938775,25.0638775510204,110.600930417752,13.450386293417,6.73906629966775,17.5317543882331,55429.8826530612,27869.3214285714,5060.71428571429,1924.0306122449,6541.37755102041,26071.4285714286,4536.35204081633,1240.45918367347,5107.06632653061,380612.520408163,178201.586734694,37294.1173469388,12772.4132653061,35069.2040816326,181904.051020408,45398.0918367347,13670.9489795918,49008.8112244898,746.220148322277,357.87119697563,61.6151861720146,20.7306081713579,63.7711092714249,200.630046507558,43.7563576724517,31.5852485526402,52.9430458420717,108197.99600472,52533.1010649598,9376.57071970016,3439.40954668491,10616.3991983523,30453.2749070458,8369.13521149302,3531.44105740352,10093.3064614022,367746.506925103,187995.855815638,46969.4237366756,15916.9487372819,40374.897986302,138051.004175538,46975.7867067676,16044.681836941,50327.096704027
"76","US","ios","NaN","NaN",2239,11.4608823040672,5.29419383653417,0.838843233586419,0.257083519428317,0.827655203215718,3.05505950630606,0.200404791502722,0.0274207506756358,0.281760894147255,4686.64805716838,2342.33363108531,440.973648950424,231.64359088879,600.754801250558,1785.58284948638,200.006699419384,21.9271996426976,185.326038410004,24118.8298347477,11302.8307280036,2550.52255471192,1400.25234479678,2962.55292541313,9309.01384546679,1158.576150067,133.127288968288,979.427422956692,126.956478324732,71.854329894167,14.2718995873077,3.02675034149673,10.879285187797,24.3960966929722,2.90376847370138,0.725498820812565,6.82755000888092,19622.9741598883,11440.0524502399,2008.77143543602,843.562584278699,2288.14649853164,5134.29265917814,1053.27348889241,254.154804188717,1232.5497617132,70480.4913370425,30872.6747300418,6961.13757422955,2805.7387983982,8880.50997400138,23894.6612453444,5006.8104404659,917.089809085148,5184.73475001795
"77","US","ios","NaN","detractor",1080,8.54134259259258,3.85683333333333,0.692305555555557,0.292462962962963,0.678324074074075,33.0700310269213,13.1675699966457,6.7027478615851,19.2036423690132,4442.78703703704,2269.74074074074,469.768518518519,167.138888888889,642.194444444444,9779.25925925926,4068.10648148148,1223.90740740741,4437.01388888889,22759.7083333333,10741.7518518518,2290.35,1337.44444444444,2800.13055555556,84195.8777777778,37740.0592592593,10608.1685185185,41867.9481481482,83.9090891536104,35.8518440960585,8.52960363899401,2.88540863520912,7.87861593972247,112.151033911164,59.1081655476316,22.6694543465202,68.9517137909215,15645.837623789,8408.48926290242,2689.09803313604,510.754098364354,2821.59432434958,15615.1935412377,8102.35497080871,2550.92326609228,8612.79214864316,66653.8795652044,30297.5979754199,6847.74618501338,2966.39419553843,7599.8168526169,82362.7494165029,39702.1891977483,12008.7747799591,44632.5317489365
"78","US","ios","NaN","passive",707,7.8135365578789,4.87255489795016,0.920452616690243,0.219108910891088,0.946442952244658,33.9593180394142,13.0325622632932,6.02595067334998,16.5027672174444,4301.64639321075,2416.72418670438,544.695898161245,209.349363507779,554.809052333805,9618.75530410184,4182.41159830269,1135.9900990099,4078.33097595474,24365.2149929279,12311.5176803395,2910.85431400283,1529.1612446959,3049.14002828854,83453.1216407355,37236.8670438472,10669.6096181047,41553.3564356436,52.5277121254344,38.5927438440852,15.6160706362962,2.36144645817071,16.7792404441639,103.409647584599,53.5337409237437,20.2164219084559,68.806343897301,12167.5185132372,7826.04601967085,2563.29523268076,575.035287385274,2761.19094302212,15042.0583243343,7896.59707819342,2239.38122426871,9105.1051334329,77331.1067305689,39959.9642494411,10229.9952202721,3486.4485557709,9665.75413019043,75555.9291891559,35567.142888546,10623.9463331074,40569.3281312383
"79","US","ios","NaN","promoter",989,20.3760729201128,8.67803327817584,0.600313447927204,0.227340748230536,0.920697674418609,31.8959690607593,13.8048030204415,6.22084086912805,18.66670142083,6298.69565217391,2969.34277047523,415.733063700708,212.942366026289,531.304347826087,9576.39029322548,4234.67138523761,1297.38119312437,4187.39130434783,30792.7613751264,14560.2052578362,2726.80889787664,1545.04347826087,3040.44186046512,82072.6804853387,36896.2821031345,10922.2062689585,40982.4448938322,177.446563054355,88.2922958394393,8.29674430091517,2.42627463603805,11.178846783253,112.56539294864,61.753057894232,20.2464621773904,65.4814272649601,26862.2579098928,13241.3298374128,1571.21275059116,642.042175859071,2047.1537507332,15044.9435435326,7785.20059782539,2335.66419765788,8243.63931399453,87200.8655354362,39138.5309022395,7493.32507009781,3438.79636418654,8371.20166195322,81453.4779507811,38142.9894407083,12040.3779539182,43398.1425383343
"80","US","ios","NaN","severe detractor",503,6.46027833001988,1.71264413518887,0.176779324055666,0.085407554671968,0.608031809145128,37.735805393132,16.1470760911837,7.22425305116948,24.2211731257906,3751.76938369781,1868.09145129225,420.019880715706,182.0675944334,474.771371769384,10929.254473161,4738.85685884692,1134.36381709742,5154.53280318091,18178.5705765407,8654.32803180915,1929.90258449304,1192.90457256461,2509.57256461233,109920.548707754,49720.1610337972,14493.8926441352,54591.5109343936,42.2610189681363,10.3137820592226,1.80596719101699,1.37888985563269,5.0847524495387,94.8357943301372,58.4649682827388,25.3054576419516,78.9018826342712,9785.72475672803,4263.82106277515,1170.3509364054,491.762116765448,1809.33961930412,14280.1190712159,8302.49840807712,2343.68087262581,9149.56093314537,45852.815922975,18801.036906689,4504.99663282961,2082.71157599984,8200.79180769211,107827.600248987,51826.54990604,16628.806400077,57700.5331820203
"81","US","ios","detractor","NaN",2580,159.571819737877,88.366217661108,20.0643216449734,4.16184883720931,18.4488809587668,42.7523561250396,0.230336643057109,0.138621210483152,0.83204098314505,41410.8825581395,21932.2197674419,4693.04263565892,1496.8023255814,4673.02713178295,11428.765503876,209.788759689922,38.7616279069767,300.434108527132,263962.715891473,129845.986434108,29102.2868217054,9967.73100775193,25532.7798449612,67272.8050387598,1694.9682170543,284.772868217065,1692.89263565894,544.243540638983,326.722838610309,87.6772983874784,22.6123737043416,88.7646250850012,168.130956920179,2.656638709475,2.85694730523864,16.3537785789185,78668.1005682115,46156.0354682036,12163.6924733089,3306.54440073838,12061.4726140736,24064.962509161,934.938639559748,383.315755934995,2851.42760743911,294904.474071446,146627.346557847,36595.4583058985,12471.0644656456,31301.7093011127,81456.8411219184,10999.4519325803,3388.80253653129,12310.5335299448
"82","US","ios","detractor","detractor",1248,166.051431708986,87.5263212933896,17.3763463353836,3.53587395343564,17.0025742040782,74.1831846030177,15.5479855657523,6.2775732484941,20.8790675303325,42370.5841346154,21955.047275641,4351.98717948718,1313.66987179487,4430.2483974359,19651.2860576923,4609.51522435897,1258.13301282051,4635.79326923077,253078.524839743,123765.728365385,26821.1979166667,9159.66185897435,23977.9919871795,142160.31650641,40264.7876602564,11715.1971153846,44686.7059294872,635.914075759086,362.219839387111,73.1798278616958,17.0282921455538,76.0949256120838,206.413933048114,82.7946803605261,25.1369738460569,86.399170937647,92697.409321287,53217.7397769361,10692.1681787328,2389.10558468587,10551.7480707242,28916.1290281364,11218.4674163712,3364.38714210426,11005.9014338227,295836.633916622,146047.413687175,35755.9118416745,12151.3251075564,31373.3600043835,114172.373348674,42047.3107175664,13753.080858945,46556.7506411852
"83","US","ios","detractor","passive",834,149.008435910786,82.7421228528928,17.1659592326139,4.57413669064748,18.0605635491607,79.3632186232341,17.154750399171,9.11871723203858,25.1640325953106,39666.4028776978,21039.964028777,4326.51079136691,1480.65947242206,4668.47721822542,20781.03117506,4903.20143884892,1483.37529976019,5276.67865707434,250230.864508393,122914.678657074,26894.5839328537,9253.13309352518,24745.5815347722,141209.988009592,38982.479616307,11304.1258992806,42751.0119904077,474.693993893347,288.639523345336,62.1490938499165,29.379482853842,73.8641984669717,200.936271807726,72.45710535798,35.1382385154703,88.3259822845028,70498.2626240815,41766.7598617949,8920.24753143614,3753.70247591085,10438.2286450422,28453.832839481,9828.68612536641,3764.54752067913,11165.4935178906,274536.133739357,137808.431596632,32968.6826770578,11588.0838856961,29649.0745622811,107855.496000004,37528.0444523232,12184.8685288666,41554.4880876368
"84","US","ios","detractor","promoter",1140,167.869947154477,90.2662169832723,21.2821045858516,4.90550000000001,21.8116942342191,74.4045189472164,10.9158628544232,5.64324594424552,12.6515801801143,42352.9807017544,21985.7175438596,4921.24561403509,1624.52631578947,5060.43859649123,19096.7938596491,3637.89473684211,1220.88157894737,3456.03947368421,251150.778947368,124232.29122807,27261.5859649123,8982.93684210526,24131.451754386,131099.112280702,34946.4438596491,10385.7254385965,38792.0219298246,558.007979625678,310.406040701047,101.640458497478,30.3502073419998,109.546858183471,250.714053340027,41.1640575284365,20.3680114200005,46.1666912330873,80705.7093459012,43796.2705718699,14187.026738653,4484.29279429641,14633.3954413474,33749.7916880582,5793.85306306521,2156.45623702556,5314.80862192059,278058.703997955,138157.583131651,34666.7319800171,11629.5481287942,30846.1311033646,102918.352094395,35978.865510854,11595.5465630454,41283.7574376075
"85","US","ios","detractor","severe detractor",534,171.273738964344,91.5465901178212,22.2962717657613,4.88419475655431,19.0662359550562,82.0734471236823,16.2971056325485,8.4045684709148,27.1134348903091,42869.1292134831,22388.0992509363,5036.61048689139,1665.86142322097,4812.84644194757,21747.3314606742,4847.53745318352,1242.60299625468,5550.49625468165,269373.657303371,133830.670411985,28978.9400749064,9983.17415730337,25536.5880149813,165402.81835206,48898.9812734082,13913.8258426966,50883.2003745318,779.120860208814,425.280405464266,109.108990338623,31.4039787755286,105.605001895708,210.867217345327,56.8719106237892,30.158273055374,97.6382723235212,107409.421464313,58097.3888238177,14710.0549882704,4800.86557114106,13373.9540260752,29428.5602707706,8173.98426905002,3068.69952221858,13107.6694135517,294763.597607205,150712.853124424,36494.7263137169,12181.503028579,30163.3768481018,124028.348889191,48978.4854367782,15500.5561315715,53002.2259955842
"86","US","ios","passive","NaN",1856,150.24545329517,80.5189688134145,19.950318012332,4.48099342117221,20.003442887931,42.3378006224032,0.429236675763659,0.105489997811314,0.266814373072488,39229.4143318966,20520.1740301724,4720.7974137931,1597.74784482759,4880.58728448276,11204.6767241379,255.899784482759,49.0705818965517,245.094288793103,241434.064116379,120299.834051724,27570.2494612069,9695.51131465517,24317.3221982759,62064.7801724137,1246.9983836207,187.792564655177,1166.68803879307,485.067805132272,265.160474649667,86.8161148660432,25.3607305388058,102.287613190111,164.673182151901,9.67036016209084,2.26519862540047,3.08821779143106,70974.2954016512,38303.9379850517,11896.2350160822,3478.56893353177,13981.1177566385,23120.6785009194,1831.6752303616,541.47269570194,1744.87554812259,262205.636165488,130675.06324233,32318.484106566,11058.5936210417,28515.9987775844,70831.0583292238,4799.66296070714,1201.21720233689,5897.81943122463
"87","US","ios","passive","detractor",927,152.35875763322,84.5283001017863,16.978306276564,4.32979503775621,16.8179827400216,79.1829551609702,19.4609332160693,6.96783954530119,20.0774974505798,39747.2567421791,21314.8187702265,4362.66450916936,1521.76914778857,4469.8597626753,20560.7551240561,5109.03991370011,1255.67961165049,4576.4455231931,248757.296655879,124958.694714132,27630.740021575,9474.78101402373,24015.6450916936,145950.992448759,41712.1553398058,11522.761596548,44327.9277238403,487.614325161995,289.735766259918,74.6157471421175,22.3811636239746,63.9766267248637,196.680372712643,85.2765863918597,23.5587291545779,73.9414238372714,69121.9711858431,40646.1760546235,9832.56252831812,3090.37729993231,8980.60050338943,27001.9601844537,10552.1436638388,2704.31892429956,9693.8148637319,268498.794594013,136586.192427835,33433.2869493233,11003.1558270315,27487.8578370723,113134.744359285,42656.1821442162,13339.1624282634,45989.5547567927
"88","US","ios","passive","passive",622,126.787141133688,56.887382337808,12.9562414455521,3.99918970613342,12.5558922731,63.1678640832269,12.6697918863093,6.82025130577728,17.6244811223825,35671.2347266881,17310.6881028939,3799.53376205788,1493.16720257235,3870.03215434084,18480.6028938907,4048.38424437299,1230.7154340836,4330.4421221865,250387.683279743,121499.099678457,27480.4839228296,9948.96623794212,24135.1784565916,140775.591639871,38587.1366559486,11666.308681672,43913.1768488746,450.006140321811,186.370343623842,41.7410192369325,17.103793898472,46.0572133530091,170.131135893562,47.871962804866,24.8180210024283,58.6358215238552,64378.7966720659,28439.7612818835,6227.17269830203,2818.37748135214,6622.7102079254,24371.4242168106,6614.19971913324,2698.41032603492,7886.49489804171,258415.488661301,123567.603302741,29106.5106928658,10541.598786384,26557.977710283,104769.022762453,37645.1192451037,12495.1927555344,43971.1296498469
"89","US","ios","passive","promoter",780,145.290909557914,80.5187938351169,19.110840118072,4.04483333333334,18.0141282051282,59.0030143759175,10.5902045179214,5.57246609889487,13.3334593228403,38635.7730769231,20465.991025641,4616.41025641026,1428.69230769231,4686.89743589744,17241.5961538462,3593.34615384615,1226.97435897436,3451.49358974359,250306.732051282,125065.752564103,28898.7807692308,10024.4512820513,24607.4141025641,130953.528205128,34105.2730769231,10158.7153846154,36931.0230769231,771.913491977718,483.118272732283,141.180790902818,21.5526419122959,95.8222569726434,168.475228362748,41.2542891976837,21.3764276054257,54.8000390858134,105983.321128945,65025.6778121384,18206.5197574934,3028.48400374121,13258.0650723682,24201.5027604415,5794.0876439567,2553.70800895034,6153.52132977992,261089.457824296,131613.129585532,33477.2874238251,11754.6616254824,27613.8314996571,94382.5056902234,33709.1213922626,10879.9652669025,39918.8042015299
"90","US","ios","passive","severe detractor",413,134.237731379121,76.5134624697336,19.3145036319613,5.6689588377724,17.7362711864406,81.6545356430784,18.5165235539289,10.9010101040341,29.1989951528855,36304.3389830508,19858.6004842615,4790.16949152542,1629.0799031477,4883.72881355932,21409.8910411622,5244.56416464891,1241.82808716707,6059.79418886199,226764.401937046,113001.159806295,25783.1815980629,9798.94188861985,23181.0266343826,159311.520581114,48807.2687651332,13543.7820823245,49309.5956416465,708.99958151508,450.13730991234,141.150847142642,35.1300916446554,97.0205813949676,316.880353004903,87.8321344931488,77.3461827868455,127.643704583655,98946.3987181574,61671.2109865792,20024.6511725636,4869.43121076945,13861.8307272433,42187.2462961116,10864.8837471329,3188.12772033225,18638.735647116,234629.317833933,115619.888178322,29007.0437299279,11475.8264476598,25253.2331058388,120273.396224019,48550.9319323824,15085.8541544356,51559.5564305892
"91","US","ios","promoter","NaN",2553,122.42571403553,69.7821969967114,16.1834314763629,6.09364080319284,17.2373939267766,39.3279243190399,0.30424870153293,0.0977979962892851,1.03960157086537,33203.6525656091,18034.2871132002,4129.29494712103,1789.39678809244,4344.29690560125,10252.285546416,220.064629847239,42.2894633764199,293.509596553075,204966.605170388,104743.69604387,24787.348609479,9126.27222875048,21678.740697219,56454.1155503329,1344.65021543286,172.627497062274,1254.91304347825,530.983049174265,321.713808652568,87.6122083057759,50.7868337850702,104.878739685677,202.97770183167,4.00435220151491,1.86915683636714,36.0743682040968,71997.5026056581,42562.7794178453,10906.9271568244,6315.68897446664,14255.133491596,26468.9996222502,945.188320775546,337.861899946105,4532.29849901526,242292.349191085,124039.369497404,32012.8193980444,11731.8633473887,28032.5693444023,71289.9998443785,6770.97023489827,1213.99455036615,6954.98966262115
"92","US","ios","promoter","detractor",1179,135.685976528958,73.5181681739078,17.1263698049194,4.82039864291772,13.3415436810857,74.2722216088201,18.2225356036388,7.16233299477992,18.3307567646214,35573.502120441,19014.2145886344,4326.56488549618,1633.6556403732,4047.00593723494,19342.8074639525,4760.92027141645,1336.33163698049,4426.03477523325,199504.077184054,99780.1645462256,22778.3825275657,8698.36132315521,20668.6861747243,130882.524173028,38745.8549618321,11097.2213740458,43396.5920271417,552.842598025781,269.885844767379,65.9548089514513,25.0596315490142,52.7883607086615,180.476786698196,72.2004092602545,25.6290373312699,64.0551258538036,80674.3829372196,43639.1849947074,11227.5874609538,3646.09786813224,10547.7508578231,27655.5059069102,9611.79596923744,3171.22950444927,7992.67435112741,242751.290427299,119017.478158606,29426.2404261928,11212.7166263435,26872.6726525083,99476.0062083553,36605.7507139184,11946.91531886,43145.2635978857
"93","US","ios","promoter","passive",753,142.167178752794,77.4203452855246,18.120438247012,5.58904382470119,18.7666002656043,73.4166736701719,15.627446399513,6.86361677716495,18.6211410900531,35527.1394422311,19107.3652058433,4430.84993359894,1725.47144754316,4630.61088977424,18940.6905710491,4294.88711819389,1232.45683930943,4393.08764940239,188127.108897742,95906.9747675963,22304.2124833997,8161.802124834,19328.0730411687,128382.875166003,39290.6480743692,11144.9800796813,42562.3917662683,650.630460167999,379.138827772729,101.580036963545,29.5973189716218,101.14999552156,227.223779060629,60.5317432445492,25.0517262423819,63.0724978590175,91941.0169589284,53261.775749376,13928.8440708119,3982.47782139718,13793.0052770644,31535.6122336426,7598.81509479955,2305.80159967942,8855.11730704695,223185.655591809,110593.517509856,28520.1641531358,10467.95392429,23937.653292298,101303.152456752,38829.1924473929,12291.4111761181,41098.5578942369
"94","US","ios","promoter","promoter",1041,116.833110038359,62.2799858985388,13.5879743849172,4.05147934678194,16.4350912584053,65.6169752283546,14.7082098836127,8.30254622638993,16.9102748767777,33006.8703170029,17564.6705091258,3887.66570605187,1530.78770413064,4221.6906820365,17701.1047070125,4360.50912584054,1441.41690682037,4141.53698366955,215220.692603266,108989.050912584,26150.1671469741,9070.12776176753,21805.0144092219,129352.307396734,37590.1863592699,11006.3928914505,41805.1748318924,497.678091941802,247.989321534563,55.3397633465451,25.279256271044,86.7191724199903,194.733583554845,85.2322961910378,45.5203634099052,70.0231119558863,70101.348284778,35717.9728286268,8042.18500421287,3737.90086017059,11551.2691953508,27294.557438244,11302.1070610478,4876.53933636329,10455.3879991291,252620.128241629,126060.001893094,33112.8219277105,10935.3708380371,27753.3549402795,104593.661349868,39517.4537486997,13184.5900811511,44844.254290825
"95","US","ios","promoter","severe detractor",581,122.789117828367,74.8050430292599,20.5678141135972,4.54404475043028,16.6231841652324,90.5621140872629,21.0630323563915,8.10591654731538,29.30058912408,32323.8537005164,18449.7056798623,4674.83648881239,1594.14802065404,4264.18244406196,21974.9397590361,5676.81583476764,1369.21686746988,5442.73666092943,202072.399311532,104946.070567986,25659.5060240964,9531.8726333907,21863.8674698795,158771.323580034,50500.7986230637,14031.8760757315,51489.1222030981,431.700512934387,320.871689677923,110.658502901275,25.3169628562939,77.8346209446807,236.81440166472,83.2294191152332,28.2972750539934,122.477091325969,61831.409498462,43895.7752335726,14536.4518574007,3201.81750736452,10888.4049318419,31708.4459629339,10717.4991179664,3477.89936566816,13656.151534717,267844.062386962,135520.662816274,34756.1340817562,13213.4618765508,29683.0867388518,121971.202853415,46188.9622960052,14563.3781677546,46832.6012211049
"96","US","ios","severe detractor","NaN",927,284.5475064229,142.09548072636,25.9951759780467,5.2346817691478,29.595738597666,69.1389352748442,0.419081006203761,0.0107659115426107,0.340720601112855,63122.3764832794,31330.4886731392,5990.04314994606,1668.86731391586,6356.25674217907,15480.5663430421,252.081984897519,30.0161812297735,164.541531823085,353066.772384035,165205.143473571,35454.0604099245,11678.4012944984,30900.8155339806,79484.6407766991,1343.31930960086,148.736785329018,1001.98489751888,939.679143557164,507.2627924381,104.036728960561,28.9083414217989,128.2867185576,236.048266324926,7.21604661898511,0.231654664508058,5.47896488337837,133820.630218624,72140.0246768423,15099.4062217253,3445.78603111456,17009.0141300086,34002.7894013258,1467.127739226,300.570057306303,879.819114380452,368939.890012262,181710.465969828,43599.5954185785,14243.7788524133,38056.7078197981,95195.6713057675,9754.81648688217,2379.58879367251,10411.1319180016
"97","US","ios","severe detractor","detractor",441,288.842981437828,151.234512471655,27.0587755102041,5.75108843537415,36.9559863945578,113.099353182103,14.50688932591,5.95403520587611,20.8673678177067,63474.6213151927,32069.1337868481,6099.7052154195,1793.53741496599,7509.18367346939,26354.2743764172,4121.66666666667,1127.89115646259,4596.75736961451,364295.12244898,173969.224489796,37249.052154195,12151.977324263,34906.1405895692,165296.918367347,38986.8616780045,11435.6099773243,42727.8480725624,738.958353141471,408.179685375761,81.7083110986155,22.5202189294598,145.716297644023,265.903099981525,58.91092743295,20.0953032310697,79.5413620973532,109077.790554554,58128.2215318997,13288.6066255747,3444.00364323554,20081.1710149607,38038.5326486601,7745.92670082447,2508.71355967352,9437.10473742278,392081.789878462,189666.657440811,45109.2650635855,14538.7716562374,41938.4503401138,136512.337726145,41902.2231135816,14104.3479771726,47543.7261410918
"98","US","ios","severe detractor","passive",333,262.146807726681,133.967946211537,25.9961861861862,6.01276276276277,24.4540568379876,99.4593667710326,10.362722580902,4.68970612073205,13.7248139502875,61513.1771771772,30920.7747747748,5758.4984984985,1902.7027027027,6114.56456456456,24343.6336336336,3561.47147147147,1070.25525525526,3727.68768768769,384790.966966967,183378.528528529,40085.5255255255,14014.8708708709,36608.3123123123,167347.165165165,37097.2492492493,10399.6006006006,40119.2702702703,665.351926905166,364.816826008352,80.0889833973178,28.3233985956278,84.0287309337361,210.109752296432,37.9468265792618,14.3148518294263,62.311443703404,99076.4947383292,53523.9582528097,10995.1650723224,3517.88038915942,11842.7058865975,31158.7230796728,5105.1686480111,2021.06560622077,6945.02034474444,404211.9433553,198995.685092054,48162.1174338707,17611.3943296173,42496.7484507947,127766.7500081,35015.7888121843,11089.3047548267,39539.4801725096
"99","US","ios","severe detractor","promoter",400,267.677487245194,129.866672687988,26.3450462979954,3.99170829681399,28.4230703394495,88.214399242778,9.55120116984275,4.66027232973053,13.2835153592922,61086.535,30307.46,6117.025,1587.85,6315.1,22381.2625,3343.775,1192.825,3271.3,376881.8825,182133.425,40169.295,12606.8525,33540.0775,153431.0875,32625.0775,9853.7725,35711.6025,631.721675030231,344.755686861235,91.038314125492,24.4923483427968,92.7670339730494,205.558779826737,43.0078444198941,18.6320489837501,43.1300747575368,96144.5150588609,51973.1362653009,13586.8338856765,3606.28153973865,13107.1463983114,31140.5731113423,5672.80563820912,2356.07571000023,5221.90795991797,411470.696187561,207078.915784927,51645.4421858736,15373.4331139801,39840.2456852005,132969.204134888,36568.5130936602,11759.8630872268,40764.7362279437
"100","US","ios","severe detractor","severe detractor",221,290.180328557494,148.157556561086,25.9759728506787,5.45085972850679,27.9201809954751,89.5613676181432,17.5454623945799,9.75328269681749,15.8221760695487,61251.2036199095,31488.443438914,5698.05429864253,1756.28959276018,6122.94117647059,23295.0452488688,5296.60633484163,1255.42986425339,4321.4479638009,321680.425339367,155456.755656109,33619.6832579185,10620.2714932127,29536.7330316742,173014.502262443,48732.4751131222,13261.4841628959,49706.8280542986,919.464518140323,527.609470996221,104.554322538265,27.8365002809956,96.3965721003312,224.531566793679,105.969665154462,51.5944332099293,75.5803616341542,131861.202398718,75016.1688993096,15135.9088779192,4175.23421088624,14184.4734237884,33959.7296239871,14522.5429864856,5259.52099191331,11762.5667202535,387076.894620084,191212.545175481,46199.4137517816,14585.9256884708,38720.0790209356,147158.049814033,50505.7971445364,14811.4856027333,51820.6753770533
